<?xml version="1.1" encoding="UTF-8"?>

<project i18n.job.generated.documetation="Generated documentation" i18n.job.project.name="Project Name" i18n.job.generated.date="GENERATION DATE" i18n.job.author="AUTHOR" i18n.job.summary="Summary" i18n.job.project.description="Project Description" i18n.job.job.description="Description" i18n.job.job.preview.picture="Preview Picture" i18n.job.job.setting="Settings" i18n.job.context.list="Context List" i18n.job.component.list="Component List" i18n.job.components.description="Components Description" i18n.job.source.code="Source Code" i18n.job.properties="Properties" i18n.job.values="Values" i18n.job.name="Name" i18n.job.language="Language" i18n.job.description="Description" i18n.job.author.min="Author" i18n.job.version="Version" i18n.job.purpose="Purpose" i18n.job.status="Status" i18n.job.creation="Creation" i18n.job.modification="Modification" i18n.job.extract.settings="Extra settings" i18n.job.value="Value" i18n.job.stats.logs="Status &amp; Logs" i18n.job.context="Context" i18n.job.promt="Prompt" i18n.job.need.promt="Need Prompt?" i18n.job.type="Type" i18n.job.source="Source" i18n.job.component.name="Component Name" i18n.job.component.type="Component Type" i18n.job.component="Component" i18n.job.unique.name="UNIQUE NAME" i18n.job.input="INPUT(S)" i18n.job.label="LABEL" i18n.job.output="OUTPUT(S)" i18n.job.component.parameters="Component Parameters:" i18n.job.schema.for="Schema for " i18n.job.column="Column" i18n.job.key="Key" i18n.job.length="Length" i18n.job.precision="Precision" i18n.job.nullable="Nullable" i18n.job.comment="Comment" i18n.job.original.function.parameters="Original Function Parameters:" i18n.job.ended="ended" i18n.job.content="content" i18n.route.manifest.type="Type" i18n.route.manifest.value="Value" i18n.route.resource.name="Name" i18n.route.resource.version="Version" i18n.route.resource.path="Path" name="FinalProjectIMDB" logo="pictures/logo.jpg" title="Generated by Talend Cloud Data Fabric" link="http://www.talend.com" language="java" generatedDate="Dec 3, 2023, 9:27:28 PM" versionName="Talend Cloud VERSION " version="8.0.1.20231116_0906-patch" docType="Jobs" company="">
  <pro-description><![CDATA[]]></pro-description>
  <job name="JsonMovieTitle" author="n.agnihotri@northeastern.edu" i18n.job.extract.settings.type="i18n.job.extract.settings" i18n.job.stats.logs.type="i18n.job.stats.logs" version="0.1" purpose="To stage json movie title" status="" creation="Nov 22, 2023, 1:15:29 PM" modification="Dec 3, 2023, 1:17:06 AM">
    <description><![CDATA[<br/>]]></description>
    <preview picture="pictures/JsonMovieTitle_0.1.png"/>
    <contextList>
      <context name="Default">
        <contextParameter name="Titles" prompt="Titles?" promptNeeded="false" type="id_String" value=""/>
        <contextParameter name="MySQL_Port" prompt="MySQL_Port?" promptNeeded="false" type="id_String" value="3306" source="MySQL"/>
        <contextParameter name="MySQL_Login" prompt="MySQL_Login?" promptNeeded="false" type="id_String" value="root" source="MySQL"/>
        <contextParameter name="MySQL_Database" prompt="MySQL_Database?" promptNeeded="false" type="id_String" value="imdb_src_movie" source="MySQL"/>
        <contextParameter name="MySQL_Password" prompt="MySQL_Password?" promptNeeded="false" type="id_Password" value="***********" source="MySQL"/>
        <contextParameter name="MySQL_AdditionalParams" prompt="MySQL_AdditionalParams?" promptNeeded="false" type="id_String" value="noDatetimeStringSync=true&amp;enabledTLSProtocols=TLSv1.2,TLSv1.1,TLSv1" source="MySQL"/>
        <contextParameter name="MySQL_Server" prompt="MySQL_Server?" promptNeeded="false" type="id_String" value="localhost" source="MySQL"/>
        <contextParameter name="MySQL1_Login" prompt="MySQL1_Login?" promptNeeded="false" type="id_String" value="root" source="MySQL1"/>
        <contextParameter name="MySQL1_Port" prompt="MySQL1_Port?" promptNeeded="false" type="id_String" value="3306" source="MySQL1"/>
        <contextParameter name="MySQL1_Server" prompt="MySQL1_Server?" promptNeeded="false" type="id_String" value="localhost" source="MySQL1"/>
        <contextParameter name="MySQL1_AdditionalParams" prompt="MySQL1_AdditionalParams?" promptNeeded="false" type="id_String" value="noDatetimeStringSync=true&amp;enabledTLSProtocols=TLSv1.2,TLSv1.1,TLSv1" source="MySQL1"/>
        <contextParameter name="MySQL1_Database" prompt="MySQL1_Database?" promptNeeded="false" type="id_String" value="imdb_src_movie" source="MySQL1"/>
        <contextParameter name="MySQL1_Password" prompt="MySQL1_Password?" promptNeeded="false" type="id_Password" value="*****" source="MySQL1"/>
      </context>
    </contextList>
    <jobSetting>
      <extra>
        <jobParameter name="COMP_DEFAULT_FILE_DIR" value=""/>
        <jobParameter name="Multi thread execution" value="false"/>
        <jobParameter name="Implicit tContextLoad" value="false"/>
      </extra>
      <Statslogs>
        <jobParameter name="Use statistics (tStatCatcher)" value="false"/>
        <jobParameter name="Use logs (tLogCatcher)" value="false"/>
        <jobParameter name="Use volumetrics (tFlowMeterCatcher)" value="false"/>
        <jobParameter name="On Console" value="false"/>
        <jobParameter name="On Files" value="false"/>
        <jobParameter name="On Databases" value="false"/>
        <jobParameter name="Catch components statistics" value="false"/>
        <jobParameter name="Catch runtime errors" value="true"/>
        <jobParameter name="Catch user errors" value="true"/>
        <jobParameter name="Catch user warnings" value="true"/>
      </Statslogs>
    </jobSetting>
    <componentList>
      <componentItem name="tDBOutput_1" link="tDBOutput_1" type="tMysqlOutput" leftTopX="576" leftTopY="160" rightBottomX="608" rightBottomY="192"/>
      <componentItem name="tFileInputJSON_1" link="tFileInputJSON_1" type="tFileInputJSON" leftTopX="288" leftTopY="160" rightBottomX="320" rightBottomY="192"/>
    </componentList>
    <internalNodeComponents>
      <component icon="pictures/tDBOutput_1.png" uniqueName="tDBOutput_1" label="MySQL">
        <input link="tFileInputJSON_1">tFileInputJSON_1</input>
        <output>none</output>
        <componentType>tMysqlOutput</componentType>
        <parameters>
          <column name="Database" value="tMysqlOutput"/>
          <column name="Unique Name" value="tDBOutput_1"/>
          <column name="Component Name" value="tMysqlOutput"/>
          <column name="Version" value="0.102 (ALPHA)"/>
          <column name="Family" value="Databases/DB Specifics/MySQL"/>
          <column name="Startable" value="false"/>
          <column name="SUBTREE_START" value="false"/>
          <column name="END_OF_FLOW" value="true"/>
          <column name="Activate" value="true"/>
          <column name="DUMMY" value="false"/>
          <column name="tStatCatcher Statistics" value="false"/>
          <column name="Help" value="org.talend.help.tMysqlOutput"/>
          <column name="Update components" value="true"/>
          <column name="IREPORT_PATH" value=""/>
          <column name="JAVA_LIBRARY_PATH" value="C:\Program Files (x86)\Talend-Studio\studio\configuration\lib\java"/>
          <column name="Subjob color" value=""/>
          <column name="Title color" value=""/>
          <column name="Enable parallel execution" value="false"/>
          <column name="Number of parallel executions" value="2"/>
          <column name="PARALLELIZE_KEEP_EMPTY" value="false"/>
          <column name="Property Type" value="repository: DB (MYSQL):MySQL"/>
          <column name="DB Version" value="MYSQL_8"/>
          <column name="Use an existing connection" value="false"/>
          <column name="Component List" value=""/>
          <column name="Database Driver" value="MYSQL"/>
          <column name="Host" value="context.MySQL1_Server"/>
          <column name="Port" value="context.MySQL1_Port"/>
          <column name="Database" value="context.MySQL1_Database"/>
          <column name="Username" value="context.MySQL1_Login"/>
          <column name="Password" value="context.MySQL1_Password"/>
          <column name="Table" value="&quot;JsonMovieTitle&quot;"/>
          <column name="Action on table" value="CREATE_IF_NOT_EXISTS"/>
          <column name="Action on data" value="INSERT"/>
          <column name="REPOSITORY_ALLOW_AUTO_SWITCH" value="true"/>
          <column name="Schema" value="Built-In"/>
          <column name="Reject Schema" value="Built-In"/>
          <column name="Specify a data source alias" value="false"/>
          <column name="Data source alias" value="&quot;&quot;"/>
          <column name="Die on error" value="false"/>
          <column name="Mapping" value="mysql_id"/>
          <column name="Additional JDBC Parameters" value="context.MySQL1_AdditionalParams"/>
          <column name="Extend Insert" value="true"/>
          <column name="Number of rows per insert" value="100"/>
          <column name="Use Batch Size" value="true"/>
          <column name="Batch Size" value="10000"/>
          <column name="Encoding" value="&quot;ISO-8859-15&quot;"/>
          <column name="Commit every" value="10000"/>
          <column name="Additional columns" value="[]"/>
          <column name="Use field options" value="false"/>
          <column name="Field options" value="[{SCHEMA_COLUMN=tconst, UPDATE_KEY=false, DELETE_KEY=false, UPDATABLE=true, INSERTABLE=true}, {SCHEMA_COLUMN=titleType, UPDATE_KEY=false, DELETE_KEY=false, UPDATABLE=true, INSERTABLE=true}, {SCHEMA_COLUMN=primaryTitle, UPDATE_KEY=false, DELETE_KEY=false, UPDATABLE=true, INSERTABLE=true}, {SCHEMA_COLUMN=originalTitle, UPDATE_KEY=false, DELETE_KEY=false, UPDATABLE=true, INSERTABLE=true}, {SCHEMA_COLUMN=isAdult, UPDATE_KEY=false, DELETE_KEY=false, UPDATABLE=true, INSERTABLE=true}, {SCHEMA_COLUMN=startYear, UPDATE_KEY=false, DELETE_KEY=false, UPDATABLE=true, INSERTABLE=true}, {SCHEMA_COLUMN=endYear, UPDATE_KEY=false, DELETE_KEY=false, UPDATABLE=true, INSERTABLE=true}, {SCHEMA_COLUMN=runtimeMinutes, UPDATE_KEY=false, DELETE_KEY=false, UPDATABLE=true, INSERTABLE=true}, {SCHEMA_COLUMN=genres, UPDATE_KEY=false, DELETE_KEY=false, UPDATABLE=true, INSERTABLE=true}]"/>
          <column name="Use Hint Options" value="false"/>
          <column name="Hint Options" value="[]"/>
          <column name="Debug query mode" value="false"/>
          <column name="Use duplicate key update mode insert" value="false"/>
          <column name="DUPLICATED_KEYS" value="[]"/>
          <column name="Support null in &quot;SQL WHERE&quot; statement" value="false"/>
          <column name="Label format" value="MySQL"/>
          <column name="Hint format" value="&lt;b&gt;__UNIQUE_NAME__&lt;/b&gt;&lt;br&gt;__COMMENT__"/>
          <column name="Connection format" value="row"/>
          <column name="Show Information" value="false"/>
          <column name="Comment" value=""/>
          <column name="Use an existing validation rule" value="false"/>
          <column name="Validation Rule Type" value=""/>
        </parameters>
        <schemas>
          <schema name="tDBOutput_1">
            <column name="tconst" key="false" type="String" length="20" precision="" nullable="true" comment=""/>
            <column name="titleType" key="false" type="String" length="255" precision="" nullable="true" comment=""/>
            <column name="primaryTitle" key="false" type="String" length="255" precision="" nullable="true" comment=""/>
            <column name="originalTitle" key="false" type="String" length="255" precision="" nullable="true" comment=""/>
            <column name="isAdult" key="false" type="Integer" length="2" precision="" nullable="true" comment=""/>
            <column name="startYear" key="false" type="String" length="10" precision="" nullable="true" comment=""/>
            <column name="endYear" key="false" type="String" length="10" precision="" nullable="true" comment=""/>
            <column name="runtimeMinutes" key="false" type="String" length="50" precision="" nullable="true" comment=""/>
            <column name="genres" key="false" type="String" length="255" precision="" nullable="true" comment=""/>
          </schema>
        </schemas>
      </component>
      <component icon="pictures/tFileInputJSON_1.png" uniqueName="tFileInputJSON_1" label="__UNIQUE_NAME__">
        <input>none</input>
        <output link="tDBOutput_1">tDBOutput_1</output>
        <componentType>tFileInputJSON</componentType>
        <parameters>
          <column name="Unique Name" value="tFileInputJSON_1"/>
          <column name="Component Name" value="tFileInputJSON"/>
          <column name="Version" value="0.102 (ALPHA)"/>
          <column name="Family" value="File/Input|Internet"/>
          <column name="Start" value="true"/>
          <column name="Startable" value="true"/>
          <column name="SUBTREE_START" value="true"/>
          <column name="END_OF_FLOW" value="false"/>
          <column name="Activate" value="true"/>
          <column name="DUMMY" value="false"/>
          <column name="tStatCatcher Statistics" value="false"/>
          <column name="Help" value="org.talend.help.tFileInputJSON"/>
          <column name="Update components" value="true"/>
          <column name="IREPORT_PATH" value=""/>
          <column name="JAVA_LIBRARY_PATH" value="C:\Program Files (x86)\Talend-Studio\studio\configuration\lib\java"/>
          <column name="Subjob color" value=""/>
          <column name="Title color" value=""/>
          <column name="Enable parallel execution" value="false"/>
          <column name="Number of parallel executions" value="2"/>
          <column name="PARALLELIZE_KEEP_EMPTY" value="false"/>
          <column name="Property Type" value="Built-In"/>
          <column name="REPOSITORY_ALLOW_AUTO_SWITCH" value="true"/>
          <column name="Schema" value="Built-In"/>
          <column name="Read By" value="JSONPATH"/>
          <column name="API version" value="2_1_0"/>
          <column name="Use Url" value="false"/>
          <column name="URL" value="&quot;http://localhost:8080/JSON/JSON_file.txt&quot;"/>
          <column name="Filename" value="&quot;C:/Users/prish/Downloads/newdata_title_basics.json&quot;"/>
          <column name="Loop XPath query" value="&quot;/bills/bill/line&quot;"/>
          <column name="Loop Json query" value="&quot;$.data[*]&quot;"/>
          <column name="Mapping" value="[{SCHEMA_COLUMN=tconst, QUERY=}, {SCHEMA_COLUMN=titleType, QUERY=}, {SCHEMA_COLUMN=primaryTitle, QUERY=}, {SCHEMA_COLUMN=originalTitle, QUERY=}, {SCHEMA_COLUMN=isAdult, QUERY=}, {SCHEMA_COLUMN=startYear, QUERY=}, {SCHEMA_COLUMN=endYear, QUERY=}, {SCHEMA_COLUMN=runtimeMinutes, QUERY=}, {SCHEMA_COLUMN=genres, QUERY=}]"/>
          <column name="Mapping" value="[{SCHEMA_COLUMN=tconst, QUERY=&quot;tconst&quot;}, {SCHEMA_COLUMN=titleType, QUERY=&quot;titleType&quot;}, {SCHEMA_COLUMN=primaryTitle, QUERY=&quot;primaryTitle&quot;}, {SCHEMA_COLUMN=originalTitle, QUERY=&quot;originalTitle&quot;}, {SCHEMA_COLUMN=isAdult, QUERY=&quot;isAdult&quot;}, {SCHEMA_COLUMN=startYear, QUERY=&quot;startYear&quot;}, {SCHEMA_COLUMN=endYear, QUERY=&quot;endYear&quot;}, {SCHEMA_COLUMN=runtimeMinutes, QUERY=&quot;runtimeMinutes&quot;}, {SCHEMA_COLUMN=genres, QUERY=&quot;genres&quot;}]"/>
          <column name="Mapping" value="[{SCHEMA_COLUMN=tconst, QUERY=, NODECHECK=false}, {SCHEMA_COLUMN=titleType, QUERY=, NODECHECK=false}, {SCHEMA_COLUMN=primaryTitle, QUERY=, NODECHECK=false}, {SCHEMA_COLUMN=originalTitle, QUERY=, NODECHECK=false}, {SCHEMA_COLUMN=isAdult, QUERY=, NODECHECK=false}, {SCHEMA_COLUMN=startYear, QUERY=, NODECHECK=false}, {SCHEMA_COLUMN=endYear, QUERY=, NODECHECK=false}, {SCHEMA_COLUMN=runtimeMinutes, QUERY=, NODECHECK=false}, {SCHEMA_COLUMN=genres, QUERY=, NODECHECK=false}]"/>
          <column name="Die on error" value="false"/>
          <column name="Schema" value="Built-In"/>
          <column name="JDK version" value="JDK_8"/>
          <column name="Advanced separator (for numbers)" value="false"/>
          <column name="Thousands separator" value="&quot;,&quot;"/>
          <column name="Decimal separator" value="&quot;.&quot;"/>
          <column name="Validate date" value="false"/>
          <column name="Use the loop node as root" value="true"/>
          <column name="Encoding" value="&quot;UTF-8&quot;"/>
          <column name="Label format" value="__UNIQUE_NAME__"/>
          <column name="Hint format" value="&lt;b&gt;__UNIQUE_NAME__&lt;/b&gt;&lt;br&gt;__COMMENT__"/>
          <column name="Connection format" value="row"/>
          <column name="Show Information" value="false"/>
          <column name="Comment" value=""/>
          <column name="Use an existing validation rule" value="false"/>
          <column name="Validation Rule Type" value=""/>
        </parameters>
        <schemas>
          <schema name="tFileInputJSON_1">
            <column name="tconst" key="false" type="String" length="20" precision="" nullable="true" comment=""/>
            <column name="titleType" key="false" type="String" length="255" precision="" nullable="true" comment=""/>
            <column name="primaryTitle" key="false" type="String" length="255" precision="" nullable="true" comment=""/>
            <column name="originalTitle" key="false" type="String" length="255" precision="" nullable="true" comment=""/>
            <column name="isAdult" key="false" type="Integer" length="2" precision="" nullable="true" comment=""/>
            <column name="startYear" key="false" type="String" length="10" precision="" nullable="true" comment=""/>
            <column name="endYear" key="false" type="String" length="10" precision="" nullable="true" comment=""/>
            <column name="runtimeMinutes" key="false" type="String" length="50" precision="" nullable="true" comment=""/>
            <column name="genres" key="false" type="String" length="255" precision="" nullable="true" comment=""/>
          </schema>
        </schemas>
      </component>
    </internalNodeComponents>
    <externalNodeComponents/>
    <connections>
      <connection label="row1" lineStyle="0" metaname="tFileInputJSON_1" offsetLabelX="0" offsetLabelY="0" source="tFileInputJSON_1" target="tDBOutput_1"/>
    </connections>
  </job>
</project>
