<?xml version="1.1" encoding="UTF-8"?>

<project i18n.job.generated.documetation="Generated documentation" i18n.job.project.name="Project Name" i18n.job.generated.date="GENERATION DATE" i18n.job.author="AUTHOR" i18n.job.summary="Summary" i18n.job.project.description="Project Description" i18n.job.job.description="Description" i18n.job.job.preview.picture="Preview Picture" i18n.job.job.setting="Settings" i18n.job.context.list="Context List" i18n.job.component.list="Component List" i18n.job.components.description="Components Description" i18n.job.source.code="Source Code" i18n.job.properties="Properties" i18n.job.values="Values" i18n.job.name="Name" i18n.job.language="Language" i18n.job.description="Description" i18n.job.author.min="Author" i18n.job.version="Version" i18n.job.purpose="Purpose" i18n.job.status="Status" i18n.job.creation="Creation" i18n.job.modification="Modification" i18n.job.extract.settings="Extra settings" i18n.job.value="Value" i18n.job.stats.logs="Status &amp; Logs" i18n.job.context="Context" i18n.job.promt="Prompt" i18n.job.need.promt="Need Prompt?" i18n.job.type="Type" i18n.job.source="Source" i18n.job.component.name="Component Name" i18n.job.component.type="Component Type" i18n.job.component="Component" i18n.job.unique.name="UNIQUE NAME" i18n.job.input="INPUT(S)" i18n.job.label="LABEL" i18n.job.output="OUTPUT(S)" i18n.job.component.parameters="Component Parameters:" i18n.job.schema.for="Schema for " i18n.job.column="Column" i18n.job.key="Key" i18n.job.length="Length" i18n.job.precision="Precision" i18n.job.nullable="Nullable" i18n.job.comment="Comment" i18n.job.original.function.parameters="Original Function Parameters:" i18n.job.ended="ended" i18n.job.content="content" i18n.route.manifest.type="Type" i18n.route.manifest.value="Value" i18n.route.resource.name="Name" i18n.route.resource.version="Version" i18n.route.resource.path="Path" name="FinalProjectIMDB" logo="pictures/logo.jpg" title="Generated by Talend Cloud Data Fabric" link="http://www.talend.com" language="java" generatedDate="Dec 3, 2023, 9:27:29 PM" versionName="Talend Cloud VERSION " version="8.0.1.20231116_0906-patch" docType="Jobs" company="">
  <pro-description><![CDATA[]]></pro-description>
  <job name="Fact_Movie_financials" author="mittal.pris@northeastern.edu" i18n.job.extract.settings.type="i18n.job.extract.settings" i18n.job.stats.logs.type="i18n.job.stats.logs" version="0.1" purpose="This fact table is used to store the relevant sks for the revenue related data" status="" creation="Dec 3, 2023, 3:38:01 AM" modification="Dec 3, 2023, 4:44:57 AM">
    <description><![CDATA[<br/>]]></description>
    <preview picture="pictures/Fact_Movie_financials_0.1.png"/>
    <contextList>
      <context name="Default">
        <contextParameter name="MySQL1_AdditionalParams" prompt="MySQL1_AdditionalParams?" promptNeeded="false" type="id_String" value="noDatetimeStringSync=true&amp;enabledTLSProtocols=TLSv1.2,TLSv1.1,TLSv1" source="MySQL1"/>
        <contextParameter name="MySQL1_Password" prompt="MySQL1_Password?" promptNeeded="false" type="id_Password" value="*****" source="MySQL1"/>
        <contextParameter name="MySQL1_Database" prompt="MySQL1_Database?" promptNeeded="false" type="id_String" value="imdb_src_movie" source="MySQL1"/>
        <contextParameter name="MySQL1_Port" prompt="MySQL1_Port?" promptNeeded="false" type="id_String" value="3306" source="MySQL1"/>
        <contextParameter name="MySQL1_Login" prompt="MySQL1_Login?" promptNeeded="false" type="id_String" value="root" source="MySQL1"/>
        <contextParameter name="MySQL1_Server" prompt="MySQL1_Server?" promptNeeded="false" type="id_String" value="localhost" source="MySQL1"/>
        <contextParameter name="filename" prompt="filename?" promptNeeded="false" type="id_String" value="C:\Users\prish\Downloads\OneDrive_2023-12-03"/>
      </context>
      <context name="Production">
        <contextParameter name="MySQL1_AdditionalParams" prompt="MySQL1_AdditionalParams?" promptNeeded="false" type="id_String" value="noDatetimeStringSync=true&amp;enabledTLSProtocols=TLSv1.2,TLSv1.1,TLSv1" source="MySQL1"/>
        <contextParameter name="MySQL1_Password" prompt="MySQL1_Password?" promptNeeded="false" type="id_Password" value="*****" source="MySQL1"/>
        <contextParameter name="MySQL1_Database" prompt="MySQL1_Database?" promptNeeded="false" type="id_String" value="imdb_src_movie" source="MySQL1"/>
        <contextParameter name="MySQL1_Port" prompt="MySQL1_Port?" promptNeeded="false" type="id_String" value="3306" source="MySQL1"/>
        <contextParameter name="MySQL1_Login" prompt="MySQL1_Login?" promptNeeded="false" type="id_String" value="root" source="MySQL1"/>
        <contextParameter name="MySQL1_Server" prompt="MySQL1_Server?" promptNeeded="false" type="id_String" value="localhost" source="MySQL1"/>
        <contextParameter name="filename" prompt="filename?" promptNeeded="false" type="id_String" value=""/>
      </context>
      <context name="Development">
        <contextParameter name="MySQL1_AdditionalParams" prompt="MySQL1_AdditionalParams?" promptNeeded="false" type="id_String" value="noDatetimeStringSync=true&amp;enabledTLSProtocols=TLSv1.2,TLSv1.1,TLSv1" source="MySQL1"/>
        <contextParameter name="MySQL1_Password" prompt="MySQL1_Password?" promptNeeded="false" type="id_Password" value="*****" source="MySQL1"/>
        <contextParameter name="MySQL1_Database" prompt="MySQL1_Database?" promptNeeded="false" type="id_String" value="imdb_src_movie" source="MySQL1"/>
        <contextParameter name="MySQL1_Port" prompt="MySQL1_Port?" promptNeeded="false" type="id_String" value="3306" source="MySQL1"/>
        <contextParameter name="MySQL1_Login" prompt="MySQL1_Login?" promptNeeded="false" type="id_String" value="root" source="MySQL1"/>
        <contextParameter name="MySQL1_Server" prompt="MySQL1_Server?" promptNeeded="false" type="id_String" value="localhost" source="MySQL1"/>
        <contextParameter name="filename" prompt="filename?" promptNeeded="false" type="id_String" value=""/>
      </context>
      <context name="Testing">
        <contextParameter name="MySQL1_AdditionalParams" prompt="MySQL1_AdditionalParams?" promptNeeded="false" type="id_String" value="noDatetimeStringSync=true&amp;enabledTLSProtocols=TLSv1.2,TLSv1.1,TLSv1" source="MySQL1"/>
        <contextParameter name="MySQL1_Password" prompt="MySQL1_Password?" promptNeeded="false" type="id_Password" value="*****" source="MySQL1"/>
        <contextParameter name="MySQL1_Database" prompt="MySQL1_Database?" promptNeeded="false" type="id_String" value="imdb_src_movie" source="MySQL1"/>
        <contextParameter name="MySQL1_Port" prompt="MySQL1_Port?" promptNeeded="false" type="id_String" value="3306" source="MySQL1"/>
        <contextParameter name="MySQL1_Login" prompt="MySQL1_Login?" promptNeeded="false" type="id_String" value="root" source="MySQL1"/>
        <contextParameter name="MySQL1_Server" prompt="MySQL1_Server?" promptNeeded="false" type="id_String" value="localhost" source="MySQL1"/>
        <contextParameter name="filename" prompt="filename?" promptNeeded="false" type="id_String" value=""/>
      </context>
    </contextList>
    <jobSetting>
      <extra>
        <jobParameter name="COMP_DEFAULT_FILE_DIR" value=""/>
        <jobParameter name="Multi thread execution" value="false"/>
        <jobParameter name="Implicit tContextLoad" value="false"/>
      </extra>
      <Statslogs>
        <jobParameter name="Use statistics (tStatCatcher)" value="false"/>
        <jobParameter name="Use logs (tLogCatcher)" value="false"/>
        <jobParameter name="Use volumetrics (tFlowMeterCatcher)" value="false"/>
        <jobParameter name="On Console" value="false"/>
        <jobParameter name="On Files" value="false"/>
        <jobParameter name="On Databases" value="false"/>
        <jobParameter name="Catch components statistics" value="false"/>
        <jobParameter name="Catch runtime errors" value="true"/>
        <jobParameter name="Catch user errors" value="true"/>
        <jobParameter name="Catch user warnings" value="true"/>
      </Statslogs>
    </jobSetting>
    <componentList>
      <componentItem name="tDBInput_1" link="tDBInput_1" type="tMysqlInput" leftTopX="96" leftTopY="32" rightBottomX="128" rightBottomY="64"/>
      <componentItem name="tDBInput_2" link="tDBInput_2" type="tMysqlInput" leftTopX="640" leftTopY="448" rightBottomX="672" rightBottomY="480"/>
      <componentItem name="tDBInput_3" link="tDBInput_3" type="tMysqlInput" leftTopX="160" leftTopY="320" rightBottomX="192" rightBottomY="352"/>
      <componentItem name="tDBOutput_1" link="tDBOutput_1" type="tMysqlOutput" leftTopX="832" leftTopY="224" rightBottomX="864" rightBottomY="256"/>
      <componentItem name="tMap_1" link="tMap_1" type="tMap" leftTopX="608" leftTopY="256" rightBottomX="640" rightBottomY="288"/>
      <componentItem name="tMap_2" link="tMap_2" type="tMap" leftTopX="224" leftTopY="96" rightBottomX="256" rightBottomY="128"/>
    </componentList>
    <internalNodeComponents>
      <component icon="pictures/tDBInput_1.png" uniqueName="tDBInput_1" label="MySQL">
        <input>none</input>
        <output link="tMap_2">tMap_2</output>
        <componentType>tMysqlInput</componentType>
        <parameters>
          <column name="Database" value="tMysqlInput"/>
          <column name="Unique Name" value="tDBInput_1"/>
          <column name="Component Name" value="tMysqlInput"/>
          <column name="Version" value="0.102 (ALPHA)"/>
          <column name="Family" value="Databases/DB Specifics/MySQL"/>
          <column name="Start" value="false"/>
          <column name="Startable" value="true"/>
          <column name="SUBTREE_START" value="false"/>
          <column name="END_OF_FLOW" value="false"/>
          <column name="Activate" value="true"/>
          <column name="DUMMY" value="false"/>
          <column name="tStatCatcher Statistics" value="false"/>
          <column name="Help" value="org.talend.help.tMysqlInput"/>
          <column name="Update components" value="true"/>
          <column name="IREPORT_PATH" value=""/>
          <column name="JAVA_LIBRARY_PATH" value="C:\Program Files (x86)\Talend-Studio\studio\configuration\lib\java"/>
          <column name="Subjob color" value=""/>
          <column name="Title color" value=""/>
          <column name="Enable parallel execution" value="false"/>
          <column name="Number of parallel executions" value="2"/>
          <column name="PARALLELIZE_KEEP_EMPTY" value="false"/>
          <column name="Property Type" value="repository: DB (MYSQL):MySQL"/>
          <column name="DB Version" value="MYSQL_8"/>
          <column name="Use an existing connection" value="false"/>
          <column name="Component List" value=""/>
          <column name="Host" value="context.MySQL1_Server"/>
          <column name="Port" value="context.MySQL1_Port"/>
          <column name="Database" value="context.MySQL1_Database"/>
          <column name="Database Driver" value="MYSQL"/>
          <column name="Username" value="context.MySQL1_Login"/>
          <column name="Password" value="context.MySQL1_Password"/>
          <column name="REPOSITORY_ALLOW_AUTO_SWITCH" value="true"/>
          <column name="Schema" value="Built-In"/>
          <column name="Table Name" value="&quot;movielist&quot;"/>
          <column name="Query Type" value="Built-In"/>
          <column name="Guess Schema" value="&quot;&quot;"/>
          <column name="Query" value="&quot;select tconst,Date,Theaters,Total_Gross from movielist&quot;"/>
          <column name="Specify a data source alias" value="false"/>
          <column name="Data source alias" value="&quot;&quot;"/>
          <column name="Mapping" value="mysql_id"/>
          <column name="Additional JDBC Parameters" value="context.MySQL1_AdditionalParams"/>
          <column name="Encoding" value="&quot;ISO-8859-15&quot;"/>
          <column name="Enable stream" value="false"/>
          <column name="Trim all the String/Char columns" value="false"/>
          <column name="Trim column" value="[{SCHEMA_COLUMN=tconst, TRIM=false}, {SCHEMA_COLUMN=Date, TRIM=false}, {SCHEMA_COLUMN=Theaters, TRIM=false}, {SCHEMA_COLUMN=Total_Gross, TRIM=false}]"/>
          <column name="Label format" value="MySQL"/>
          <column name="Hint format" value="&lt;b&gt;__UNIQUE_NAME__&lt;/b&gt;&lt;br&gt;__COMMENT__"/>
          <column name="Connection format" value="row"/>
          <column name="Show Information" value="false"/>
          <column name="Comment" value=""/>
          <column name="Use an existing validation rule" value="false"/>
          <column name="Validation Rule Type" value=""/>
        </parameters>
        <schemas>
          <schema name="tDBInput_1">
            <column name="tconst" key="false" type="String" length="50" precision="" nullable="true" comment=""/>
            <column name="Date" key="false" type="String" length="50" precision="" nullable="true" comment=""/>
            <column name="Theaters" key="false" type="String" length="100" precision="" nullable="true" comment=""/>
            <column name="Total_Gross" key="false" type="String" length="50" precision="" nullable="true" comment=""/>
          </schema>
        </schemas>
      </component>
      <component icon="pictures/tDBInput_2.png" uniqueName="tDBInput_2" label="MySQL">
        <input>none</input>
        <output link="tMap_1">tMap_1</output>
        <componentType>tMysqlInput</componentType>
        <parameters>
          <column name="Database" value="tMysqlInput"/>
          <column name="Unique Name" value="tDBInput_2"/>
          <column name="Component Name" value="tMysqlInput"/>
          <column name="Version" value="0.102 (ALPHA)"/>
          <column name="Family" value="Databases/DB Specifics/MySQL"/>
          <column name="Start" value="false"/>
          <column name="Startable" value="true"/>
          <column name="SUBTREE_START" value="false"/>
          <column name="END_OF_FLOW" value="false"/>
          <column name="Activate" value="true"/>
          <column name="DUMMY" value="false"/>
          <column name="tStatCatcher Statistics" value="false"/>
          <column name="Help" value="org.talend.help.tMysqlInput"/>
          <column name="Update components" value="true"/>
          <column name="IREPORT_PATH" value=""/>
          <column name="JAVA_LIBRARY_PATH" value="C:\Program Files (x86)\Talend-Studio\studio\configuration\lib\java"/>
          <column name="Subjob color" value=""/>
          <column name="Title color" value=""/>
          <column name="Enable parallel execution" value="false"/>
          <column name="Number of parallel executions" value="2"/>
          <column name="PARALLELIZE_KEEP_EMPTY" value="false"/>
          <column name="Property Type" value="repository: DB (MYSQL):MySQL"/>
          <column name="DB Version" value="MYSQL_8"/>
          <column name="Use an existing connection" value="false"/>
          <column name="Component List" value=""/>
          <column name="Host" value="context.MySQL1_Server"/>
          <column name="Port" value="context.MySQL1_Port"/>
          <column name="Database" value="context.MySQL1_Database"/>
          <column name="Database Driver" value="MYSQL"/>
          <column name="Username" value="context.MySQL1_Login"/>
          <column name="Password" value="context.MySQL1_Password"/>
          <column name="REPOSITORY_ALLOW_AUTO_SWITCH" value="true"/>
          <column name="Schema" value="Built-In"/>
          <column name="Table Name" value="&quot;dimmovie&quot;"/>
          <column name="Query Type" value="Built-In"/>
          <column name="Guess Schema" value="&quot;&quot;"/>
          <column name="Query" value="&quot;select MovieID from dimmovie&quot;"/>
          <column name="Specify a data source alias" value="false"/>
          <column name="Data source alias" value="&quot;&quot;"/>
          <column name="Mapping" value="mysql_id"/>
          <column name="Additional JDBC Parameters" value="context.MySQL1_AdditionalParams"/>
          <column name="Encoding" value="&quot;ISO-8859-15&quot;"/>
          <column name="Enable stream" value="false"/>
          <column name="Trim all the String/Char columns" value="false"/>
          <column name="Trim column" value="[{SCHEMA_COLUMN=MovieID, TRIM=false}]"/>
          <column name="Label format" value="MySQL"/>
          <column name="Hint format" value="&lt;b&gt;__UNIQUE_NAME__&lt;/b&gt;&lt;br&gt;__COMMENT__"/>
          <column name="Connection format" value="row"/>
          <column name="Show Information" value="false"/>
          <column name="Comment" value=""/>
          <column name="Use an existing validation rule" value="false"/>
          <column name="Validation Rule Type" value=""/>
        </parameters>
        <schemas>
          <schema name="tDBInput_2">
            <column name="MovieID" key="false" type="String" length="50" precision="" nullable="true" comment=""/>
          </schema>
        </schemas>
      </component>
      <component icon="pictures/tDBInput_3.png" uniqueName="tDBInput_3" label="MySQL">
        <input>none</input>
        <output link="tMap_1">tMap_1</output>
        <componentType>tMysqlInput</componentType>
        <parameters>
          <column name="Database" value="tMysqlInput"/>
          <column name="Unique Name" value="tDBInput_3"/>
          <column name="Component Name" value="tMysqlInput"/>
          <column name="Version" value="0.102 (ALPHA)"/>
          <column name="Family" value="Databases/DB Specifics/MySQL"/>
          <column name="Start" value="true"/>
          <column name="Startable" value="true"/>
          <column name="SUBTREE_START" value="true"/>
          <column name="END_OF_FLOW" value="false"/>
          <column name="Activate" value="true"/>
          <column name="DUMMY" value="false"/>
          <column name="tStatCatcher Statistics" value="false"/>
          <column name="Help" value="org.talend.help.tMysqlInput"/>
          <column name="Update components" value="true"/>
          <column name="IREPORT_PATH" value=""/>
          <column name="JAVA_LIBRARY_PATH" value="C:\Program Files (x86)\Talend-Studio\studio\configuration\lib\java"/>
          <column name="Subjob color" value=""/>
          <column name="Title color" value=""/>
          <column name="Enable parallel execution" value="false"/>
          <column name="Number of parallel executions" value="2"/>
          <column name="PARALLELIZE_KEEP_EMPTY" value="false"/>
          <column name="Property Type" value="repository: DB (MYSQL):MySQL"/>
          <column name="DB Version" value="MYSQL_8"/>
          <column name="Use an existing connection" value="false"/>
          <column name="Component List" value=""/>
          <column name="Host" value="context.MySQL1_Server"/>
          <column name="Port" value="context.MySQL1_Port"/>
          <column name="Database" value="context.MySQL1_Database"/>
          <column name="Database Driver" value="MYSQL"/>
          <column name="Username" value="context.MySQL1_Login"/>
          <column name="Password" value="context.MySQL1_Password"/>
          <column name="REPOSITORY_ALLOW_AUTO_SWITCH" value="true"/>
          <column name="Schema" value="Built-In"/>
          <column name="Table Name" value="&quot;dimdate&quot;"/>
          <column name="Query Type" value="Built-In"/>
          <column name="Guess Schema" value="&quot;&quot;"/>
          <column name="Query" value="&quot;select DateID from dimdate&quot;"/>
          <column name="Specify a data source alias" value="false"/>
          <column name="Data source alias" value="&quot;&quot;"/>
          <column name="Mapping" value="mysql_id"/>
          <column name="Additional JDBC Parameters" value="context.MySQL1_AdditionalParams"/>
          <column name="Encoding" value="&quot;ISO-8859-15&quot;"/>
          <column name="Enable stream" value="false"/>
          <column name="Trim all the String/Char columns" value="false"/>
          <column name="Trim column" value="[{SCHEMA_COLUMN=DateID, TRIM=false}]"/>
          <column name="Label format" value="MySQL"/>
          <column name="Hint format" value="&lt;b&gt;__UNIQUE_NAME__&lt;/b&gt;&lt;br&gt;__COMMENT__"/>
          <column name="Connection format" value="row"/>
          <column name="Show Information" value="false"/>
          <column name="Comment" value=""/>
          <column name="Use an existing validation rule" value="false"/>
          <column name="Validation Rule Type" value=""/>
        </parameters>
        <schemas>
          <schema name="tDBInput_3">
            <column name="DateID" key="false" type="Integer" length="10" precision="" nullable="true" comment=""/>
          </schema>
        </schemas>
      </component>
      <component icon="pictures/tDBOutput_1.png" uniqueName="tDBOutput_1" label="MySQL">
        <input link="tMap_1">tMap_1</input>
        <output>none</output>
        <componentType>tMysqlOutput</componentType>
        <parameters>
          <column name="Database" value="tMysqlOutput"/>
          <column name="Unique Name" value="tDBOutput_1"/>
          <column name="Component Name" value="tMysqlOutput"/>
          <column name="Version" value="0.102 (ALPHA)"/>
          <column name="Family" value="Databases/DB Specifics/MySQL"/>
          <column name="Startable" value="false"/>
          <column name="SUBTREE_START" value="false"/>
          <column name="END_OF_FLOW" value="true"/>
          <column name="Activate" value="true"/>
          <column name="DUMMY" value="false"/>
          <column name="tStatCatcher Statistics" value="false"/>
          <column name="Help" value="org.talend.help.tMysqlOutput"/>
          <column name="Update components" value="true"/>
          <column name="IREPORT_PATH" value=""/>
          <column name="JAVA_LIBRARY_PATH" value="C:\Program Files (x86)\Talend-Studio\studio\configuration\lib\java"/>
          <column name="Subjob color" value=""/>
          <column name="Title color" value=""/>
          <column name="Enable parallel execution" value="false"/>
          <column name="Number of parallel executions" value="2"/>
          <column name="PARALLELIZE_KEEP_EMPTY" value="false"/>
          <column name="Property Type" value="repository: DB (MYSQL):MySQL"/>
          <column name="DB Version" value="MYSQL_8"/>
          <column name="Use an existing connection" value="false"/>
          <column name="Component List" value=""/>
          <column name="Database Driver" value="MYSQL"/>
          <column name="Host" value="context.MySQL1_Server"/>
          <column name="Port" value="context.MySQL1_Port"/>
          <column name="Database" value="context.MySQL1_Database"/>
          <column name="Username" value="context.MySQL1_Login"/>
          <column name="Password" value="context.MySQL1_Password"/>
          <column name="Table" value="&quot;fact_movie_financials&quot;"/>
          <column name="Action on table" value="NONE"/>
          <column name="Action on data" value="INSERT"/>
          <column name="REPOSITORY_ALLOW_AUTO_SWITCH" value="true"/>
          <column name="Schema" value="Built-In"/>
          <column name="Reject Schema" value="Built-In"/>
          <column name="Specify a data source alias" value="false"/>
          <column name="Data source alias" value="&quot;&quot;"/>
          <column name="Die on error" value="false"/>
          <column name="Mapping" value="mysql_id"/>
          <column name="Additional JDBC Parameters" value="context.MySQL1_AdditionalParams"/>
          <column name="Extend Insert" value="true"/>
          <column name="Number of rows per insert" value="100"/>
          <column name="Use Batch Size" value="true"/>
          <column name="Batch Size" value="10000"/>
          <column name="Encoding" value="&quot;ISO-8859-15&quot;"/>
          <column name="Commit every" value="10000"/>
          <column name="Additional columns" value="[]"/>
          <column name="Use field options" value="false"/>
          <column name="Field options" value="[{SCHEMA_COLUMN=ID, UPDATE_KEY=false, DELETE_KEY=false, UPDATABLE=true, INSERTABLE=true}, {SCHEMA_COLUMN=MovieID, UPDATE_KEY=false, DELETE_KEY=false, UPDATABLE=true, INSERTABLE=true}, {SCHEMA_COLUMN=DateID, UPDATE_KEY=false, DELETE_KEY=false, UPDATABLE=true, INSERTABLE=true}, {SCHEMA_COLUMN=Total_Gross, UPDATE_KEY=false, DELETE_KEY=false, UPDATABLE=true, INSERTABLE=true}, {SCHEMA_COLUMN=number_of_theaters, UPDATE_KEY=false, DELETE_KEY=false, UPDATABLE=true, INSERTABLE=true}, {SCHEMA_COLUMN=DI_CreatedDate, UPDATE_KEY=false, DELETE_KEY=false, UPDATABLE=true, INSERTABLE=true}, {SCHEMA_COLUMN=DI_ProcessID, UPDATE_KEY=false, DELETE_KEY=false, UPDATABLE=true, INSERTABLE=true}, {SCHEMA_COLUMN=DI_Filename, UPDATE_KEY=false, DELETE_KEY=false, UPDATABLE=true, INSERTABLE=true}]"/>
          <column name="Use Hint Options" value="false"/>
          <column name="Hint Options" value="[]"/>
          <column name="Debug query mode" value="false"/>
          <column name="Use duplicate key update mode insert" value="false"/>
          <column name="DUPLICATED_KEYS" value="[]"/>
          <column name="Support null in &quot;SQL WHERE&quot; statement" value="false"/>
          <column name="Label format" value="MySQL"/>
          <column name="Hint format" value="&lt;b&gt;__UNIQUE_NAME__&lt;/b&gt;&lt;br&gt;__COMMENT__"/>
          <column name="Connection format" value="row"/>
          <column name="Show Information" value="false"/>
          <column name="Comment" value=""/>
          <column name="Use an existing validation rule" value="false"/>
          <column name="Validation Rule Type" value=""/>
        </parameters>
        <schemas>
          <schema name="movie_financials">
            <column name="ID" key="false" type="Integer" length="10" precision="" nullable="true" comment=""/>
            <column name="MovieID" key="false" type="String" length="50" precision="" nullable="true" comment=""/>
            <column name="DateID" key="false" type="Integer" length="10" precision="" nullable="true" comment=""/>
            <column name="Total_Gross" key="false" type="BigDecimal" length="10" precision="" nullable="true" comment=""/>
            <column name="number_of_theaters" key="false" type="Integer" length="2" precision="" nullable="true" comment=""/>
            <column name="DI_CreatedDate" key="false" type="java.util.Date" length="12" precision="" nullable="true" comment=""/>
            <column name="DI_ProcessID" key="false" type="String" length="50" precision="" nullable="true" comment=""/>
            <column name="DI_Filename" key="false" type="String" length="255" precision="" nullable="true" comment=""/>
          </schema>
        </schemas>
      </component>
    </internalNodeComponents>
    <externalNodeComponents>
      <component icon="pictures/tMap_1.png" uniqueName="tMap_1" label="__UNIQUE_NAME__" preview="pictures/external_preview_tMap_1.png">
        <input link="tDBInput_3">tDBInput_3</input>
        <input link="tDBInput_2">tDBInput_2</input>
        <input link="tMap_2">tMap_2</input>
        <output link="tDBOutput_1">tDBOutput_1</output>
        <componentType>tMap</componentType>
        <!--tMap_1-->
      </component>
      <component icon="pictures/tMap_2.png" uniqueName="tMap_2" label="__UNIQUE_NAME__" preview="pictures/external_preview_tMap_2.png">
        <input link="tDBInput_1">tDBInput_1</input>
        <output link="tMap_1">tMap_1</output>
        <componentType>tMap</componentType>
        <!--tMap_2-->
      </component>
    </externalNodeComponents>
    <connections>
      <connection label="row3" lineStyle="0" metaname="tDBInput_3" offsetLabelX="0" offsetLabelY="0" source="tDBInput_3" target="tMap_1"/>
      <connection label="movie_financials" lineStyle="0" metaname="movie_financials" offsetLabelX="0" offsetLabelY="0" source="tMap_1" target="tDBOutput_1"/>
      <connection label="row2" lineStyle="8" metaname="tDBInput_2" offsetLabelX="0" offsetLabelY="0" source="tDBInput_2" target="tMap_1"/>
      <connection label="row1" lineStyle="0" metaname="tDBInput_1" offsetLabelX="0" offsetLabelY="0" source="tDBInput_1" target="tMap_2"/>
      <connection label="movielist" lineStyle="8" metaname="movielist" offsetLabelX="0" offsetLabelY="0" source="tMap_2" target="tMap_1"/>
    </connections>
  </job>
</project>
