<?xml version="1.1" encoding="UTF-8"?>

<project i18n.job.generated.documetation="Generated documentation" i18n.job.project.name="Project Name" i18n.job.generated.date="GENERATION DATE" i18n.job.author="AUTHOR" i18n.job.summary="Summary" i18n.job.project.description="Project Description" i18n.job.job.description="Description" i18n.job.job.preview.picture="Preview Picture" i18n.job.job.setting="Settings" i18n.job.context.list="Context List" i18n.job.component.list="Component List" i18n.job.components.description="Components Description" i18n.job.source.code="Source Code" i18n.job.properties="Properties" i18n.job.values="Values" i18n.job.name="Name" i18n.job.language="Language" i18n.job.description="Description" i18n.job.author.min="Author" i18n.job.version="Version" i18n.job.purpose="Purpose" i18n.job.status="Status" i18n.job.creation="Creation" i18n.job.modification="Modification" i18n.job.extract.settings="Extra settings" i18n.job.value="Value" i18n.job.stats.logs="Status &amp; Logs" i18n.job.context="Context" i18n.job.promt="Prompt" i18n.job.need.promt="Need Prompt?" i18n.job.type="Type" i18n.job.source="Source" i18n.job.component.name="Component Name" i18n.job.component.type="Component Type" i18n.job.component="Component" i18n.job.unique.name="UNIQUE NAME" i18n.job.input="INPUT(S)" i18n.job.label="LABEL" i18n.job.output="OUTPUT(S)" i18n.job.component.parameters="Component Parameters:" i18n.job.schema.for="Schema for " i18n.job.column="Column" i18n.job.key="Key" i18n.job.length="Length" i18n.job.precision="Precision" i18n.job.nullable="Nullable" i18n.job.comment="Comment" i18n.job.original.function.parameters="Original Function Parameters:" i18n.job.ended="ended" i18n.job.content="content" i18n.route.manifest.type="Type" i18n.route.manifest.value="Value" i18n.route.resource.name="Name" i18n.route.resource.version="Version" i18n.route.resource.path="Path" name="FinalProjectIMDB" logo="pictures/logo.jpg" title="Generated by Talend Cloud Data Fabric" link="http://www.talend.com" language="java" generatedDate="Dec 3, 2023, 9:27:31 PM" versionName="Talend Cloud VERSION " version="8.0.1.20231116_0906-patch" docType="Jobs" company="">
  <pro-description><![CDATA[]]></pro-description>
  <job name="DimMovie" author="n.agnihotri@northeastern.edu" i18n.job.extract.settings.type="i18n.job.extract.settings" i18n.job.stats.logs.type="i18n.job.stats.logs" version="0.1" purpose="To store accurate data in DimMovie of MySQL" status="" creation="Nov 29, 2023, 2:03:46 PM" modification="Dec 3, 2023, 1:44:32 AM">
    <description><![CDATA[<br/>]]></description>
    <preview picture="pictures/DimMovie_0.1.png"/>
    <contextList>
      <context name="Default">
        <contextParameter name="MySQL_Server" prompt="MySQL_Server?" promptNeeded="false" type="id_String" value="localhost" source="MySQL"/>
        <contextParameter name="MySQL_Login" prompt="MySQL_Login?" promptNeeded="false" type="id_String" value="root" source="MySQL"/>
        <contextParameter name="MySQL_Port" prompt="MySQL_Port?" promptNeeded="false" type="id_String" value="3306" source="MySQL"/>
        <contextParameter name="MySQL_Database" prompt="MySQL_Database?" promptNeeded="false" type="id_String" value="imdb_src_movie" source="MySQL"/>
        <contextParameter name="MySQL_Password" prompt="MySQL_Password?" promptNeeded="false" type="id_Password" value="***********" source="MySQL"/>
        <contextParameter name="MySQL_AdditionalParams" prompt="MySQL_AdditionalParams?" promptNeeded="false" type="id_String" value="noDatetimeStringSync=true&amp;enabledTLSProtocols=TLSv1.2,TLSv1.1,TLSv1" source="MySQL"/>
        <contextParameter name="filename" prompt="filename?" promptNeeded="false" type="id_String" value="C:\Users\prish\Downloads"/>
        <contextParameter name="MySQL1_Login" prompt="MySQL1_Login?" promptNeeded="false" type="id_String" value="root" source="MySQL1"/>
        <contextParameter name="MySQL1_Port" prompt="MySQL1_Port?" promptNeeded="false" type="id_String" value="3306" source="MySQL1"/>
        <contextParameter name="MySQL1_Server" prompt="MySQL1_Server?" promptNeeded="false" type="id_String" value="localhost" source="MySQL1"/>
        <contextParameter name="MySQL1_AdditionalParams" prompt="MySQL1_AdditionalParams?" promptNeeded="false" type="id_String" value="noDatetimeStringSync=true&amp;enabledTLSProtocols=TLSv1.2,TLSv1.1,TLSv1" source="MySQL1"/>
        <contextParameter name="MySQL1_Database" prompt="MySQL1_Database?" promptNeeded="false" type="id_String" value="imdb_src_movie" source="MySQL1"/>
        <contextParameter name="MySQL1_Password" prompt="MySQL1_Password?" promptNeeded="false" type="id_Password" value="*****" source="MySQL1"/>
      </context>
    </contextList>
    <jobSetting>
      <extra>
        <jobParameter name="COMP_DEFAULT_FILE_DIR" value=""/>
        <jobParameter name="Multi thread execution" value="false"/>
        <jobParameter name="Implicit tContextLoad" value="false"/>
      </extra>
      <Statslogs>
        <jobParameter name="Use statistics (tStatCatcher)" value="false"/>
        <jobParameter name="Use logs (tLogCatcher)" value="false"/>
        <jobParameter name="Use volumetrics (tFlowMeterCatcher)" value="false"/>
        <jobParameter name="On Console" value="false"/>
        <jobParameter name="On Files" value="false"/>
        <jobParameter name="On Databases" value="false"/>
        <jobParameter name="Catch components statistics" value="false"/>
        <jobParameter name="Catch runtime errors" value="true"/>
        <jobParameter name="Catch user errors" value="true"/>
        <jobParameter name="Catch user warnings" value="true"/>
      </Statslogs>
    </jobSetting>
    <componentList>
      <componentItem name="tDBInput_1" link="tDBInput_1" type="tMysqlInput" leftTopX="96" leftTopY="64" rightBottomX="128" rightBottomY="96"/>
      <componentItem name="tDBInput_2" link="tDBInput_2" type="tMysqlInput" leftTopX="96" leftTopY="288" rightBottomX="128" rightBottomY="320"/>
      <componentItem name="tDBSCD_1" link="tDBSCD_1" type="tMysqlSCD" leftTopX="896" leftTopY="160" rightBottomX="928" rightBottomY="192"/>
      <componentItem name="tMap_1" link="tMap_1" type="tMap" leftTopX="384" leftTopY="160" rightBottomX="416" rightBottomY="192"/>
      <componentItem name="tUniqRow_1" link="tUniqRow_1" type="tUniqRow" leftTopX="576" leftTopY="160" rightBottomX="608" rightBottomY="192"/>
    </componentList>
    <internalNodeComponents>
      <component icon="pictures/tDBInput_1.png" uniqueName="tDBInput_1" label="MySQL">
        <input>none</input>
        <output link="tMap_1">tMap_1</output>
        <componentType>tMysqlInput</componentType>
        <parameters>
          <column name="Database" value="tMysqlInput"/>
          <column name="Unique Name" value="tDBInput_1"/>
          <column name="Component Name" value="tMysqlInput"/>
          <column name="Version" value="0.102 (ALPHA)"/>
          <column name="Family" value="Databases/DB Specifics/MySQL"/>
          <column name="Start" value="true"/>
          <column name="Startable" value="true"/>
          <column name="SUBTREE_START" value="true"/>
          <column name="END_OF_FLOW" value="false"/>
          <column name="Activate" value="true"/>
          <column name="DUMMY" value="false"/>
          <column name="tStatCatcher Statistics" value="false"/>
          <column name="Help" value="org.talend.help.tMysqlInput"/>
          <column name="Update components" value="true"/>
          <column name="IREPORT_PATH" value=""/>
          <column name="JAVA_LIBRARY_PATH" value="C:\Program Files (x86)\Talend-Studio\studio\configuration\lib\java"/>
          <column name="Subjob color" value=""/>
          <column name="Title color" value=""/>
          <column name="Enable parallel execution" value="false"/>
          <column name="Number of parallel executions" value="2"/>
          <column name="PARALLELIZE_KEEP_EMPTY" value="false"/>
          <column name="Property Type" value="repository: DB (MYSQL):MySQL"/>
          <column name="DB Version" value="MYSQL_8"/>
          <column name="Use an existing connection" value="false"/>
          <column name="Component List" value=""/>
          <column name="Host" value="context.MySQL1_Server"/>
          <column name="Port" value="context.MySQL1_Port"/>
          <column name="Database" value="context.MySQL1_Database"/>
          <column name="Database Driver" value="MYSQL"/>
          <column name="Username" value="context.MySQL1_Login"/>
          <column name="Password" value="context.MySQL1_Password"/>
          <column name="REPOSITORY_ALLOW_AUTO_SWITCH" value="true"/>
          <column name="Schema" value="Built-In"/>
          <column name="Table Name" value="&quot;imdb_title_basics&quot;"/>
          <column name="Query Type" value="Built-In"/>
          <column name="Guess Schema" value="&quot;&quot;"/>
          <column name="Query" value="&quot;select * from imdb_title_basics&quot;"/>
          <column name="Specify a data source alias" value="false"/>
          <column name="Data source alias" value="&quot;&quot;"/>
          <column name="Mapping" value="mysql_id"/>
          <column name="Additional JDBC Parameters" value="context.MySQL1_AdditionalParams"/>
          <column name="Encoding" value="&quot;ISO-8859-15&quot;"/>
          <column name="Enable stream" value="false"/>
          <column name="Trim all the String/Char columns" value="false"/>
          <column name="Trim column" value="[{SCHEMA_COLUMN=tconst, TRIM=false}, {SCHEMA_COLUMN=titleType, TRIM=false}, {SCHEMA_COLUMN=primaryTitle, TRIM=false}, {SCHEMA_COLUMN=originalTitle, TRIM=false}, {SCHEMA_COLUMN=isAdult, TRIM=false}, {SCHEMA_COLUMN=startYear, TRIM=false}]"/>
          <column name="Label format" value="MySQL"/>
          <column name="Hint format" value="&lt;b&gt;__UNIQUE_NAME__&lt;/b&gt;&lt;br&gt;__COMMENT__"/>
          <column name="Connection format" value="row"/>
          <column name="Show Information" value="false"/>
          <column name="Comment" value=""/>
          <column name="Use an existing validation rule" value="false"/>
          <column name="Validation Rule Type" value=""/>
        </parameters>
        <schemas>
          <schema name="tDBInput_1">
            <column name="tconst" key="false" type="String" length="10" precision="" nullable="false" comment=""/>
            <column name="titleType" key="false" type="String" length="255" precision="" nullable="true" comment=""/>
            <column name="primaryTitle" key="false" type="String" length="1024" precision="" nullable="true" comment=""/>
            <column name="originalTitle" key="false" type="String" length="1024" precision="" nullable="true" comment=""/>
            <column name="isAdult" key="false" type="Integer" length="3" precision="" nullable="true" comment=""/>
            <column name="startYear" key="false" type="String" length="50" precision="" nullable="true" comment=""/>
          </schema>
        </schemas>
      </component>
      <component icon="pictures/tDBInput_2.png" uniqueName="tDBInput_2" label="MySQL">
        <input>none</input>
        <output link="tMap_1">tMap_1</output>
        <componentType>tMysqlInput</componentType>
        <parameters>
          <column name="Database" value="tMysqlInput"/>
          <column name="Unique Name" value="tDBInput_2"/>
          <column name="Component Name" value="tMysqlInput"/>
          <column name="Version" value="0.102 (ALPHA)"/>
          <column name="Family" value="Databases/DB Specifics/MySQL"/>
          <column name="Start" value="false"/>
          <column name="Startable" value="true"/>
          <column name="SUBTREE_START" value="false"/>
          <column name="END_OF_FLOW" value="false"/>
          <column name="Activate" value="true"/>
          <column name="DUMMY" value="false"/>
          <column name="tStatCatcher Statistics" value="false"/>
          <column name="Help" value="org.talend.help.tMysqlInput"/>
          <column name="Update components" value="true"/>
          <column name="IREPORT_PATH" value=""/>
          <column name="JAVA_LIBRARY_PATH" value="C:\Program Files (x86)\Talend-Studio\studio\configuration\lib\java"/>
          <column name="Subjob color" value=""/>
          <column name="Title color" value=""/>
          <column name="Enable parallel execution" value="false"/>
          <column name="Number of parallel executions" value="2"/>
          <column name="PARALLELIZE_KEEP_EMPTY" value="false"/>
          <column name="Property Type" value="repository: DB (MYSQL):MySQL"/>
          <column name="DB Version" value="MYSQL_8"/>
          <column name="Use an existing connection" value="false"/>
          <column name="Component List" value=""/>
          <column name="Host" value="context.MySQL1_Server"/>
          <column name="Port" value="context.MySQL1_Port"/>
          <column name="Database" value="context.MySQL1_Database"/>
          <column name="Database Driver" value="MYSQL"/>
          <column name="Username" value="context.MySQL1_Login"/>
          <column name="Password" value="context.MySQL1_Password"/>
          <column name="REPOSITORY_ALLOW_AUTO_SWITCH" value="true"/>
          <column name="Schema" value="Built-In"/>
          <column name="Table Name" value="&quot;jsonmovietitle&quot;"/>
          <column name="Query Type" value="Built-In"/>
          <column name="Guess Schema" value="&quot;&quot;"/>
          <column name="Query" value="&quot;select * from jsonmovietitle&quot;"/>
          <column name="Specify a data source alias" value="false"/>
          <column name="Data source alias" value="&quot;&quot;"/>
          <column name="Mapping" value="mysql_id"/>
          <column name="Additional JDBC Parameters" value="context.MySQL1_AdditionalParams"/>
          <column name="Encoding" value="&quot;ISO-8859-15&quot;"/>
          <column name="Enable stream" value="false"/>
          <column name="Trim all the String/Char columns" value="false"/>
          <column name="Trim column" value="[{SCHEMA_COLUMN=tconst, TRIM=false}, {SCHEMA_COLUMN=titleType, TRIM=false}, {SCHEMA_COLUMN=primaryTitle, TRIM=false}, {SCHEMA_COLUMN=originalTitle, TRIM=false}, {SCHEMA_COLUMN=isAdult, TRIM=false}, {SCHEMA_COLUMN=startYear, TRIM=false}]"/>
          <column name="Label format" value="MySQL"/>
          <column name="Hint format" value="&lt;b&gt;__UNIQUE_NAME__&lt;/b&gt;&lt;br&gt;__COMMENT__"/>
          <column name="Connection format" value="row"/>
          <column name="Show Information" value="false"/>
          <column name="Comment" value=""/>
          <column name="Use an existing validation rule" value="false"/>
          <column name="Validation Rule Type" value=""/>
        </parameters>
        <schemas>
          <schema name="tDBInput_2">
            <column name="tconst" key="false" type="String" length="20" precision="" nullable="true" comment=""/>
            <column name="titleType" key="false" type="String" length="255" precision="" nullable="true" comment=""/>
            <column name="primaryTitle" key="false" type="String" length="255" precision="" nullable="true" comment=""/>
            <column name="originalTitle" key="false" type="String" length="255" precision="" nullable="true" comment=""/>
            <column name="isAdult" key="false" type="Integer" length="10" precision="" nullable="true" comment=""/>
            <column name="startYear" key="false" type="String" length="10" precision="" nullable="true" comment=""/>
          </schema>
        </schemas>
      </component>
      <component icon="pictures/tUniqRow_1.png" uniqueName="tUniqRow_1" label="__UNIQUE_NAME__">
        <input link="tMap_1">tMap_1</input>
        <output link="tDBSCD_1">tDBSCD_1</output>
        <componentType>tUniqRow</componentType>
        <parameters>
          <column name="Unique Name" value="tUniqRow_1"/>
          <column name="Component Name" value="tUniqRow"/>
          <column name="Version" value="0.101 (ALPHA)"/>
          <column name="Family" value="Data_Quality"/>
          <column name="Startable" value="false"/>
          <column name="SUBTREE_START" value="false"/>
          <column name="END_OF_FLOW" value="false"/>
          <column name="Activate" value="true"/>
          <column name="DUMMY" value="false"/>
          <column name="tStatCatcher Statistics" value="false"/>
          <column name="Help" value="org.talend.help.tUniqRow"/>
          <column name="Update components" value="true"/>
          <column name="IREPORT_PATH" value=""/>
          <column name="JAVA_LIBRARY_PATH" value="C:\Program Files (x86)\Talend-Studio\studio\configuration\lib\java"/>
          <column name="Subjob color" value=""/>
          <column name="Title color" value=""/>
          <column name="Enable parallel execution" value="false"/>
          <column name="Number of parallel executions" value="2"/>
          <column name="PARALLELIZE_KEEP_EMPTY" value="false"/>
          <column name="REPOSITORY_ALLOW_AUTO_SWITCH" value="true"/>
          <column name="Schema" value="Built-In"/>
          <column name="Schema" value="Built-In"/>
          <column name="Schema" value="Built-In"/>
          <column name="Unique key" value="[{SCHEMA_COLUMN=MovieID, KEY_ATTRIBUTE=true, CASE_SENSITIVE=false}, {SCHEMA_COLUMN=Title, KEY_ATTRIBUTE=false, CASE_SENSITIVE=false}, {SCHEMA_COLUMN=Type, KEY_ATTRIBUTE=false, CASE_SENSITIVE=false}, {SCHEMA_COLUMN=isAdult, KEY_ATTRIBUTE=false, CASE_SENSITIVE=false}, {SCHEMA_COLUMN=startYear, KEY_ATTRIBUTE=false, CASE_SENSITIVE=false}, {SCHEMA_COLUMN=DI_CreatedDate, KEY_ATTRIBUTE=false, CASE_SENSITIVE=false}, {SCHEMA_COLUMN=DI_ProcessID, KEY_ATTRIBUTE=false, CASE_SENSITIVE=false}, {SCHEMA_COLUMN=DI_Filename, KEY_ATTRIBUTE=false, CASE_SENSITIVE=false}]"/>
          <column name="Only once each duplicated key" value="false"/>
          <column name="Use of disk (suitable for processing large row set)" value="false"/>
          <column name="Buffer size in memory" value="M"/>
          <column name="Directory for temp files" value=""/>
          <column name="Ignore trailing zeros for BigDecimal" value="false"/>
          <column name="Label format" value="__UNIQUE_NAME__"/>
          <column name="Hint format" value="&lt;b&gt;__UNIQUE_NAME__&lt;/b&gt;&lt;br&gt;__COMMENT__"/>
          <column name="Connection format" value="row"/>
          <column name="Show Information" value="false"/>
          <column name="Comment" value=""/>
          <column name="Use an existing validation rule" value="false"/>
          <column name="Validation Rule Type" value=""/>
        </parameters>
        <schemas>
          <schema name="dimMovie">
            <column name="MovieID" key="true" type="String" length="20" precision="" nullable="true" comment=""/>
            <column name="Title" key="false" type="String" length="255" precision="" nullable="true" comment=""/>
            <column name="Type" key="false" type="String" length="255" precision="" nullable="true" comment=""/>
            <column name="isAdult" key="false" type="Integer" length="2" precision="" nullable="true" comment=""/>
            <column name="startYear" key="false" type="String" length="50" precision="" nullable="true" comment=""/>
            <column name="DI_CreatedDate" key="false" type="java.util.Date" length="12" precision="" nullable="true" comment=""/>
            <column name="DI_ProcessID" key="false" type="String" length="50" precision="" nullable="true" comment=""/>
            <column name="DI_Filename" key="false" type="String" length="255" precision="" nullable="true" comment=""/>
          </schema>
        </schemas>
      </component>
    </internalNodeComponents>
    <externalNodeComponents>
      <component icon="pictures/tDBSCD_1.png" uniqueName="tDBSCD_1" label="MySQL">
        <input link="tUniqRow_1">tUniqRow_1</input>
        <output>none</output>
        <componentType>tMysqlSCD</componentType>
        <parameters>
          <column name="Database">tMysqlSCD</column>
          <column name="Activate">true</column>
          <column name="tStatCatcher Statistics">false</column>
          <column name="DB Version">MYSQL_8</column>
          <column name="Use an existing connection">false</column>
          <column name="Host">context.MySQL1_Server</column>
          <column name="Port">context.MySQL1_Port</column>
          <column name="Database">context.MySQL1_Database</column>
          <column name="Username">context.MySQL1_Login</column>
          <column name="Password">context.MySQL1_Password</column>
          <column name="Table">"dimmovie"</column>
          <column name="Action on table">NONE</column>
          <column name="SCD Editor"></column>
          <column name="Use memory saving mode">false</column>
          <column name="Source keys include Null">false</column>
          <column name="Only update active record">false</column>
          <column name="Die on error">false</column>
          <column name="End date time details">"12:00:00"</column>
          <column name="!!!NOICE.NAME!!!">(Time pattern: 'HH:mm:ss')</column>
          <column name="Additional JDBC Parameters">context.MySQL1_AdditionalParams</column>
          <column name="Debug mode">false</column>
          <column name="Show Information">false</column>
          <column name="Comment"></column>
          <column name="Use an existing validation rule">false</column>
        </parameters>
        <schemas>
          <schema name="dimMovie">
            <column name="MovieID" key="true" type="String" length="20" precision="" nullable="true" comment=""/>
            <column name="Title" key="false" type="String" length="255" precision="" nullable="true" comment=""/>
            <column name="Type" key="false" type="String" length="255" precision="" nullable="true" comment=""/>
            <column name="isAdult" key="false" type="Integer" length="2" precision="" nullable="true" comment=""/>
            <column name="startYear" key="false" type="String" length="50" precision="" nullable="true" comment=""/>
            <column name="DI_CreatedDate" key="false" type="java.util.Date" length="12" precision="" nullable="true" comment=""/>
            <column name="DI_ProcessID" key="false" type="String" length="50" precision="" nullable="true" comment=""/>
            <column name="DI_Filename" key="false" type="String" length="255" precision="" nullable="true" comment=""/>
            <column name="scd_start" key="false" type="java.util.Date" length="" precision="" nullable="false" comment="Column generated by scd editor."/>
            <column name="scd_end" key="false" type="java.util.Date" length="" precision="" nullable="true" comment="Column generated by scd editor."/>
            <column name="scd_version" key="false" type="int" length="" precision="" nullable="false" comment="Column generated by scd editor."/>
            <column name="scd_active" key="false" type="boolean" length="" precision="" nullable="false" comment="Column generated by scd editor."/>
            <column name="Movie_sk" key="true" type="int" length="" precision="" nullable="false" comment="Column generated by scd editor."/>
          </schema>
        </schemas>
        <!--tDBSCD_1-->
      </component>
      <component icon="pictures/tMap_1.png" uniqueName="tMap_1" label="__UNIQUE_NAME__" preview="pictures/external_preview_tMap_1.png">
        <input link="tDBInput_1">tDBInput_1</input>
        <input link="tDBInput_2">tDBInput_2</input>
        <output link="tUniqRow_1">tUniqRow_1</output>
        <componentType>tMap</componentType>
        <!--tMap_1-->
      </component>
    </externalNodeComponents>
    <connections>
      <connection label="row1" lineStyle="0" metaname="tDBInput_1" offsetLabelX="0" offsetLabelY="0" source="tDBInput_1" target="tMap_1"/>
      <connection label="dimMovie" lineStyle="0" metaname="dimMovie" offsetLabelX="0" offsetLabelY="0" source="tMap_1" target="tUniqRow_1"/>
      <connection label="row2" lineStyle="0" metaname="UNIQUE" offsetLabelX="0" offsetLabelY="0" source="tUniqRow_1" target="tDBSCD_1"/>
      <connection label="row4" lineStyle="8" metaname="tDBInput_2" offsetLabelX="0" offsetLabelY="0" source="tDBInput_2" target="tMap_1"/>
    </connections>
  </job>
</project>
