<?xml version="1.1" encoding="UTF-8"?>

<externalNode i18n.scd.properties.for="SCD Properties for" i18n.scd.unused="Unused" i18n.scd.sourceKeys="Source keys" i18n.scd.surrogateKeys="Surrogate keys" i18n.scd.type0Fields="Type 0 fields" i18n.scd.type1Fields="Type 1 fields" i18n.scd.type2Fields="Type 2 fields" i18n.scd.type3Fields="Type 3 fields" i18n.scd.name="name" i18n.scd.type="type" i18n.scd.creation="creation" i18n.scd.complement="complement" i18n.scd.versioning="Versioning" i18n.scd.currentValue="current value" i18n.scd.previousValue="previous value" name="tDBSCD_1" preview="">
  <unUsed/>
  <sourceKeys>
    <key name="MovieID"/>
  </sourceKeys>
  <surrogateKeys>
    <key name="Movie_sk" creation="Auto increment" complement=""/>
  </surrogateKeys>
  <type0Fields/>
  <type1Fields>
    <field name="Type"/>
    <field name="startYear"/>
    <field name="isAdult"/>
    <field name="DI_CreatedDate"/>
    <field name="DI_Filename"/>
    <field name="DI_ProcessID"/>
  </type1Fields>
  <type2Fields>
    <field name="Title"/>
    <versioning>
      <entry checked="" type="start" name="scd_start" creation="Job start time"/>
      <entry checked="" type="end" name="scd_end" creation="Fixed year value" complement="2050"/>
      <entry checked="true" type="version" name="scd_version" creation="" complement=""/>
      <entry checked="true" type="active" name="scd_active" creation="" complement=""/>
    </versioning>
  </type2Fields>
  <type3Fields/>
</externalNode>
