<?xml version="1.1" encoding="UTF-8"?>

<project i18n.job.generated.documetation="Generated documentation" i18n.job.project.name="Project Name" i18n.job.generated.date="GENERATION DATE" i18n.job.author="AUTHOR" i18n.job.summary="Summary" i18n.job.project.description="Project Description" i18n.job.job.description="Description" i18n.job.job.preview.picture="Preview Picture" i18n.job.job.setting="Settings" i18n.job.context.list="Context List" i18n.job.component.list="Component List" i18n.job.components.description="Components Description" i18n.job.source.code="Source Code" i18n.job.properties="Properties" i18n.job.values="Values" i18n.job.name="Name" i18n.job.language="Language" i18n.job.description="Description" i18n.job.author.min="Author" i18n.job.version="Version" i18n.job.purpose="Purpose" i18n.job.status="Status" i18n.job.creation="Creation" i18n.job.modification="Modification" i18n.job.extract.settings="Extra settings" i18n.job.value="Value" i18n.job.stats.logs="Status &amp; Logs" i18n.job.context="Context" i18n.job.promt="Prompt" i18n.job.need.promt="Need Prompt?" i18n.job.type="Type" i18n.job.source="Source" i18n.job.component.name="Component Name" i18n.job.component.type="Component Type" i18n.job.component="Component" i18n.job.unique.name="UNIQUE NAME" i18n.job.input="INPUT(S)" i18n.job.label="LABEL" i18n.job.output="OUTPUT(S)" i18n.job.component.parameters="Component Parameters:" i18n.job.schema.for="Schema for " i18n.job.column="Column" i18n.job.key="Key" i18n.job.length="Length" i18n.job.precision="Precision" i18n.job.nullable="Nullable" i18n.job.comment="Comment" i18n.job.original.function.parameters="Original Function Parameters:" i18n.job.ended="ended" i18n.job.content="content" i18n.route.manifest.type="Type" i18n.route.manifest.value="Value" i18n.route.resource.name="Name" i18n.route.resource.version="Version" i18n.route.resource.path="Path" name="FinalProjectIMDB" logo="pictures/logo.jpg" title="Generated by Talend Cloud Data Fabric" link="http://www.talend.com" language="java" generatedDate="Dec 3, 2023, 9:27:32 PM" versionName="Talend Cloud VERSION " version="8.0.1.20231116_0906-patch" docType="Jobs" company="">
  <pro-description><![CDATA[]]></pro-description>
  <job name="DimDate" author="n.agnihotri@northeastern.edu" i18n.job.extract.settings.type="i18n.job.extract.settings" i18n.job.stats.logs.type="i18n.job.stats.logs" version="0.1" purpose="To load date and corresponding details in dimdate" status="" creation="Dec 1, 2023, 12:33:39 AM" modification="Dec 3, 2023, 1:17:00 AM">
    <description><![CDATA[<br/>]]></description>
    <preview picture="pictures/DimDate_0.1.png"/>
    <contextList>
      <context name="Default">
        <contextParameter name="MySQL_Server" prompt="MySQL_Server?" promptNeeded="false" type="id_String" value="localhost" source="MySQL"/>
        <contextParameter name="MySQL_Login" prompt="MySQL_Login?" promptNeeded="false" type="id_String" value="root" source="MySQL"/>
        <contextParameter name="MySQL_Port" prompt="MySQL_Port?" promptNeeded="false" type="id_String" value="3306" source="MySQL"/>
        <contextParameter name="MySQL_Database" prompt="MySQL_Database?" promptNeeded="false" type="id_String" value="imdb_src_movie" source="MySQL"/>
        <contextParameter name="MySQL_Password" prompt="MySQL_Password?" promptNeeded="false" type="id_Password" value="***********" source="MySQL"/>
        <contextParameter name="MySQL_AdditionalParams" prompt="MySQL_AdditionalParams?" promptNeeded="false" type="id_String" value="noDatetimeStringSync=true&amp;enabledTLSProtocols=TLSv1.2,TLSv1.1,TLSv1" source="MySQL"/>
        <contextParameter name="MySQL1_Login" prompt="MySQL1_Login?" promptNeeded="false" type="id_String" value="root" source="MySQL1"/>
        <contextParameter name="MySQL1_Port" prompt="MySQL1_Port?" promptNeeded="false" type="id_String" value="3306" source="MySQL1"/>
        <contextParameter name="MySQL1_Server" prompt="MySQL1_Server?" promptNeeded="false" type="id_String" value="localhost" source="MySQL1"/>
        <contextParameter name="MySQL1_AdditionalParams" prompt="MySQL1_AdditionalParams?" promptNeeded="false" type="id_String" value="noDatetimeStringSync=true&amp;enabledTLSProtocols=TLSv1.2,TLSv1.1,TLSv1" source="MySQL1"/>
        <contextParameter name="MySQL1_Database" prompt="MySQL1_Database?" promptNeeded="false" type="id_String" value="imdb_src_movie" source="MySQL1"/>
        <contextParameter name="MySQL1_Password" prompt="MySQL1_Password?" promptNeeded="false" type="id_Password" value="*****" source="MySQL1"/>
        <contextParameter name="filename" prompt="filename?" promptNeeded="false" type="id_String" value="C:\Users\prish\Downloads"/>
      </context>
    </contextList>
    <jobSetting>
      <extra>
        <jobParameter name="COMP_DEFAULT_FILE_DIR" value=""/>
        <jobParameter name="Multi thread execution" value="false"/>
        <jobParameter name="Implicit tContextLoad" value="false"/>
      </extra>
      <Statslogs>
        <jobParameter name="Use statistics (tStatCatcher)" value="false"/>
        <jobParameter name="Use logs (tLogCatcher)" value="false"/>
        <jobParameter name="Use volumetrics (tFlowMeterCatcher)" value="false"/>
        <jobParameter name="On Console" value="false"/>
        <jobParameter name="On Files" value="false"/>
        <jobParameter name="On Databases" value="false"/>
        <jobParameter name="Catch components statistics" value="false"/>
        <jobParameter name="Catch runtime errors" value="true"/>
        <jobParameter name="Catch user errors" value="true"/>
        <jobParameter name="Catch user warnings" value="true"/>
      </Statslogs>
    </jobSetting>
    <componentList>
      <componentItem name="tDBOutput_1" link="tDBOutput_1" type="tMysqlOutput" leftTopX="512" leftTopY="192" rightBottomX="544" rightBottomY="224"/>
      <componentItem name="tMap_1" link="tMap_1" type="tMap" leftTopX="320" leftTopY="192" rightBottomX="352" rightBottomY="224"/>
      <componentItem name="tRowGenerator_1" link="tRowGenerator_1" type="tRowGenerator" leftTopX="128" leftTopY="192" rightBottomX="160" rightBottomY="224"/>
    </componentList>
    <internalNodeComponents>
      <component icon="pictures/tDBOutput_1.png" uniqueName="tDBOutput_1" label="MySQL">
        <input link="tMap_1">tMap_1</input>
        <output>none</output>
        <componentType>tMysqlOutput</componentType>
        <parameters>
          <column name="Database" value="tMysqlOutput"/>
          <column name="Unique Name" value="tDBOutput_1"/>
          <column name="Component Name" value="tMysqlOutput"/>
          <column name="Version" value="0.102 (ALPHA)"/>
          <column name="Family" value="Databases/DB Specifics/MySQL"/>
          <column name="Startable" value="false"/>
          <column name="SUBTREE_START" value="false"/>
          <column name="END_OF_FLOW" value="true"/>
          <column name="Activate" value="true"/>
          <column name="DUMMY" value="false"/>
          <column name="tStatCatcher Statistics" value="false"/>
          <column name="Help" value="org.talend.help.tMysqlOutput"/>
          <column name="Update components" value="true"/>
          <column name="IREPORT_PATH" value=""/>
          <column name="JAVA_LIBRARY_PATH" value="C:\Program Files (x86)\Talend-Studio\studio\configuration\lib\java"/>
          <column name="Subjob color" value=""/>
          <column name="Title color" value=""/>
          <column name="Enable parallel execution" value="false"/>
          <column name="Number of parallel executions" value="2"/>
          <column name="PARALLELIZE_KEEP_EMPTY" value="false"/>
          <column name="Property Type" value="repository: DB (MYSQL):MySQL"/>
          <column name="DB Version" value="MYSQL_8"/>
          <column name="Use an existing connection" value="false"/>
          <column name="Component List" value=""/>
          <column name="Database Driver" value="MYSQL"/>
          <column name="Host" value="context.MySQL1_Server"/>
          <column name="Port" value="context.MySQL1_Port"/>
          <column name="Database" value="context.MySQL1_Database"/>
          <column name="Username" value="context.MySQL1_Login"/>
          <column name="Password" value="context.MySQL1_Password"/>
          <column name="Table" value="&quot;dimdate&quot;"/>
          <column name="Action on table" value="NONE"/>
          <column name="Action on data" value="UPDATE_OR_INSERT"/>
          <column name="REPOSITORY_ALLOW_AUTO_SWITCH" value="true"/>
          <column name="Schema" value="Built-In"/>
          <column name="Reject Schema" value="Built-In"/>
          <column name="Specify a data source alias" value="false"/>
          <column name="Data source alias" value="&quot;&quot;"/>
          <column name="Die on error" value="false"/>
          <column name="Mapping" value="mysql_id"/>
          <column name="Additional JDBC Parameters" value="context.MySQL1_AdditionalParams"/>
          <column name="Extend Insert" value="true"/>
          <column name="Number of rows per insert" value="100"/>
          <column name="Use Batch Size" value="true"/>
          <column name="Batch Size" value="10000"/>
          <column name="Encoding" value="&quot;ISO-8859-15&quot;"/>
          <column name="Commit every" value="10000"/>
          <column name="Additional columns" value="[]"/>
          <column name="Use field options" value="false"/>
          <column name="Field options" value="[{SCHEMA_COLUMN=DateID, UPDATE_KEY=false, DELETE_KEY=false, UPDATABLE=true, INSERTABLE=true}, {SCHEMA_COLUMN=Full_Date, UPDATE_KEY=false, DELETE_KEY=false, UPDATABLE=true, INSERTABLE=true}, {SCHEMA_COLUMN=Year, UPDATE_KEY=false, DELETE_KEY=false, UPDATABLE=true, INSERTABLE=true}, {SCHEMA_COLUMN=Month, UPDATE_KEY=false, DELETE_KEY=false, UPDATABLE=true, INSERTABLE=true}, {SCHEMA_COLUMN=Quarter, UPDATE_KEY=false, DELETE_KEY=false, UPDATABLE=true, INSERTABLE=true}, {SCHEMA_COLUMN=Day, UPDATE_KEY=false, DELETE_KEY=false, UPDATABLE=true, INSERTABLE=true}, {SCHEMA_COLUMN=Day_Name, UPDATE_KEY=false, DELETE_KEY=false, UPDATABLE=true, INSERTABLE=true}, {SCHEMA_COLUMN=Season, UPDATE_KEY=false, DELETE_KEY=false, UPDATABLE=true, INSERTABLE=true}, {SCHEMA_COLUMN=DI_CreatedDate, UPDATE_KEY=false, DELETE_KEY=false, UPDATABLE=true, INSERTABLE=true}, {SCHEMA_COLUMN=DI_ProcessID, UPDATE_KEY=false, DELETE_KEY=false, UPDATABLE=true, INSERTABLE=true}, {SCHEMA_COLUMN=DI_Filename, UPDATE_KEY=false, DELETE_KEY=false, UPDATABLE=true, INSERTABLE=true}]"/>
          <column name="Use Hint Options" value="false"/>
          <column name="Hint Options" value="[]"/>
          <column name="Debug query mode" value="false"/>
          <column name="Use duplicate key update mode insert" value="false"/>
          <column name="DUPLICATED_KEYS" value="[]"/>
          <column name="Support null in &quot;SQL WHERE&quot; statement" value="false"/>
          <column name="Label format" value="MySQL"/>
          <column name="Hint format" value="&lt;b&gt;__UNIQUE_NAME__&lt;/b&gt;&lt;br&gt;__COMMENT__"/>
          <column name="Connection format" value="row"/>
          <column name="Show Information" value="false"/>
          <column name="Comment" value=""/>
          <column name="Use an existing validation rule" value="false"/>
          <column name="Validation Rule Type" value=""/>
        </parameters>
        <schemas>
          <schema name="DimDate">
            <column name="DateID" key="true" type="Integer" length="10" precision="" nullable="true" comment=""/>
            <column name="Full_Date" key="false" type="java.util.Date" length="23" precision="" nullable="true" comment=""/>
            <column name="Year" key="false" type="Integer" length="4" precision="" nullable="true" comment=""/>
            <column name="Month" key="false" type="Integer" length="3" precision="" nullable="true" comment=""/>
            <column name="Quarter" key="false" type="Integer" length="4" precision="" nullable="true" comment=""/>
            <column name="Day" key="false" type="Integer" length="4" precision="" nullable="true" comment=""/>
            <column name="Day_Name" key="false" type="String" length="50" precision="" nullable="true" comment=""/>
            <column name="Season" key="false" type="String" length="50" precision="" nullable="true" comment=""/>
            <column name="DI_CreatedDate" key="false" type="java.util.Date" length="12" precision="" nullable="true" comment=""/>
            <column name="DI_ProcessID" key="false" type="String" length="50" precision="" nullable="true" comment=""/>
            <column name="DI_Filename" key="false" type="String" length="255" precision="" nullable="true" comment=""/>
          </schema>
        </schemas>
      </component>
    </internalNodeComponents>
    <externalNodeComponents>
      <component icon="pictures/tMap_1.png" uniqueName="tMap_1" label="__UNIQUE_NAME__" preview="pictures/external_preview_tMap_1.png">
        <input link="tRowGenerator_1">tRowGenerator_1</input>
        <output link="tDBOutput_1">tDBOutput_1</output>
        <componentType>tMap</componentType>
        <!--tMap_1-->
      </component>
      <component icon="pictures/tRowGenerator_1.png" uniqueName="tRowGenerator_1" label="__UNIQUE_NAME__">
        <input>none</input>
        <output link="tMap_1">tMap_1</output>
        <componentType>tRowGenerator</componentType>
        <!--tRowGenerator_1-->
      </component>
    </externalNodeComponents>
    <connections>
      <connection label="row1" lineStyle="0" metaname="tRowGenerator_1" offsetLabelX="0" offsetLabelY="0" source="tRowGenerator_1" target="tMap_1"/>
      <connection label="DimDate" lineStyle="0" metaname="DimDate" offsetLabelX="0" offsetLabelY="0" source="tMap_1" target="tDBOutput_1"/>
    </connections>
  </job>
</project>
