<?xml version="1.1" encoding="UTF-8"?>

<project i18n.job.generated.documetation="Generated documentation" i18n.job.project.name="Project Name" i18n.job.generated.date="GENERATION DATE" i18n.job.author="AUTHOR" i18n.job.summary="Summary" i18n.job.project.description="Project Description" i18n.job.job.description="Description" i18n.job.job.preview.picture="Preview Picture" i18n.job.job.setting="Settings" i18n.job.context.list="Context List" i18n.job.component.list="Component List" i18n.job.components.description="Components Description" i18n.job.source.code="Source Code" i18n.job.properties="Properties" i18n.job.values="Values" i18n.job.name="Name" i18n.job.language="Language" i18n.job.description="Description" i18n.job.author.min="Author" i18n.job.version="Version" i18n.job.purpose="Purpose" i18n.job.status="Status" i18n.job.creation="Creation" i18n.job.modification="Modification" i18n.job.extract.settings="Extra settings" i18n.job.value="Value" i18n.job.stats.logs="Status &amp; Logs" i18n.job.context="Context" i18n.job.promt="Prompt" i18n.job.need.promt="Need Prompt?" i18n.job.type="Type" i18n.job.source="Source" i18n.job.component.name="Component Name" i18n.job.component.type="Component Type" i18n.job.component="Component" i18n.job.unique.name="UNIQUE NAME" i18n.job.input="INPUT(S)" i18n.job.label="LABEL" i18n.job.output="OUTPUT(S)" i18n.job.component.parameters="Component Parameters:" i18n.job.schema.for="Schema for " i18n.job.column="Column" i18n.job.key="Key" i18n.job.length="Length" i18n.job.precision="Precision" i18n.job.nullable="Nullable" i18n.job.comment="Comment" i18n.job.original.function.parameters="Original Function Parameters:" i18n.job.ended="ended" i18n.job.content="content" i18n.route.manifest.type="Type" i18n.route.manifest.value="Value" i18n.route.resource.name="Name" i18n.route.resource.version="Version" i18n.route.resource.path="Path" name="FinalProjectIMDB" logo="pictures/logo.jpg" title="Generated by Talend Cloud Data Fabric" link="http://www.talend.com" language="java" generatedDate="Dec 3, 2023, 9:27:26 PM" versionName="Talend Cloud VERSION " version="8.0.1.20231116_0906-patch" docType="Jobs" company="">
  <pro-description><![CDATA[]]></pro-description>
  <job name="MoviesTsvFile" author="n.agnihotri@northeastern.edu" i18n.job.extract.settings.type="i18n.job.extract.settings" i18n.job.stats.logs.type="i18n.job.stats.logs" version="0.1" purpose="To stage multiple tsv files in one table" status="" creation="Nov 22, 2023, 12:21:09 PM" modification="Dec 3, 2023, 1:12:01 AM">
    <description><![CDATA[<br/>]]></description>
    <preview picture="pictures/MoviesTsvFile_0.1.png"/>
    <contextList>
      <context name="Default">
        <contextParameter name="movies" prompt="movies?" promptNeeded="false" type="id_String" value="C:\Users\prish\Downloads\OneDrive_2023-12-03"/>
        <contextParameter name="MoviesTsvFiles_Header" prompt="MoviesTsvFiles_Header?" promptNeeded="false" type="id_Integer" value="1" source="MoviesTsvFiles"/>
        <contextParameter name="MoviesTsvFiles_Encoding" prompt="MoviesTsvFiles_Encoding?" promptNeeded="false" type="id_String" value="US-ASCII" source="MoviesTsvFiles"/>
        <contextParameter name="MoviesTsvFiles_File" prompt="MoviesTsvFiles_File?" promptNeeded="false" type="id_File" value="D:/neha/Final Project Files/OneDrive_1_11-22-2023/The Numbers - Domestic Box Office - Avatar.tsv" source="MoviesTsvFiles"/>
        <contextParameter name="MoviesTsvFiles_RowSeparator" prompt="MoviesTsvFiles_RowSeparator?" promptNeeded="false" type="id_String" value="&quot;\n&quot;" source="MoviesTsvFiles"/>
        <contextParameter name="MoviesTsvFiles_FieldSeparator" prompt="MoviesTsvFiles_FieldSeparator?" promptNeeded="false" type="id_String" value="&quot;\t&quot;" source="MoviesTsvFiles"/>
        <contextParameter name="MySQL_Port" prompt="MySQL_Port?" promptNeeded="false" type="id_String" value="3306" source="MySQL"/>
        <contextParameter name="MySQL_Login" prompt="MySQL_Login?" promptNeeded="false" type="id_String" value="root" source="MySQL"/>
        <contextParameter name="MySQL_Database" prompt="MySQL_Database?" promptNeeded="false" type="id_String" value="imdb_src_movie" source="MySQL"/>
        <contextParameter name="MySQL_Password" prompt="MySQL_Password?" promptNeeded="false" type="id_Password" value="***********" source="MySQL"/>
        <contextParameter name="MySQL_AdditionalParams" prompt="MySQL_AdditionalParams?" promptNeeded="false" type="id_String" value="noDatetimeStringSync=true&amp;enabledTLSProtocols=TLSv1.2,TLSv1.1,TLSv1" source="MySQL"/>
        <contextParameter name="MySQL_Server" prompt="MySQL_Server?" promptNeeded="false" type="id_String" value="localhost" source="MySQL"/>
        <contextParameter name="MySQL1_Login" prompt="MySQL1_Login?" promptNeeded="false" type="id_String" value="root" source="MySQL1"/>
        <contextParameter name="MySQL1_Port" prompt="MySQL1_Port?" promptNeeded="false" type="id_String" value="3306" source="MySQL1"/>
        <contextParameter name="MySQL1_Server" prompt="MySQL1_Server?" promptNeeded="false" type="id_String" value="localhost" source="MySQL1"/>
        <contextParameter name="MySQL1_AdditionalParams" prompt="MySQL1_AdditionalParams?" promptNeeded="false" type="id_String" value="noDatetimeStringSync=true&amp;enabledTLSProtocols=TLSv1.2,TLSv1.1,TLSv1" source="MySQL1"/>
        <contextParameter name="MySQL1_Database" prompt="MySQL1_Database?" promptNeeded="false" type="id_String" value="imdb_src_movie" source="MySQL1"/>
        <contextParameter name="MySQL1_Password" prompt="MySQL1_Password?" promptNeeded="false" type="id_Password" value="*****" source="MySQL1"/>
        <contextParameter name="MoviesFilesTsv_FieldSeparator" prompt="MoviesFilesTsv_FieldSeparator?" promptNeeded="false" type="id_String" value="&quot;\t&quot;" source="MoviesFilesTsv"/>
        <contextParameter name="MoviesFilesTsv_Encoding" prompt="MoviesFilesTsv_Encoding?" promptNeeded="false" type="id_String" value="US-ASCII" source="MoviesFilesTsv"/>
        <contextParameter name="MoviesFilesTsv_File" prompt="MoviesFilesTsv_File?" promptNeeded="false" type="id_File" value="C:/Users/prish/Downloads/OneDrive_2023-12-03/TheNumbers - Moviewise Daily BoxOffice Revenues/The Numbers - Domestic Box Office - Avatar.tsv" source="MoviesFilesTsv"/>
        <contextParameter name="MoviesFilesTsv_RowSeparator" prompt="MoviesFilesTsv_RowSeparator?" promptNeeded="false" type="id_String" value="&quot;\n&quot;" source="MoviesFilesTsv"/>
        <contextParameter name="MoviesFilesTsv_Header" prompt="MoviesFilesTsv_Header?" promptNeeded="false" type="id_Integer" value="1" source="MoviesFilesTsv"/>
      </context>
    </contextList>
    <jobSetting>
      <extra>
        <jobParameter name="COMP_DEFAULT_FILE_DIR" value=""/>
        <jobParameter name="Multi thread execution" value="false"/>
        <jobParameter name="Implicit tContextLoad" value="false"/>
      </extra>
      <Statslogs>
        <jobParameter name="Use statistics (tStatCatcher)" value="false"/>
        <jobParameter name="Use logs (tLogCatcher)" value="false"/>
        <jobParameter name="Use volumetrics (tFlowMeterCatcher)" value="false"/>
        <jobParameter name="On Console" value="false"/>
        <jobParameter name="On Files" value="false"/>
        <jobParameter name="On Databases" value="false"/>
        <jobParameter name="Catch components statistics" value="false"/>
        <jobParameter name="Catch runtime errors" value="true"/>
        <jobParameter name="Catch user errors" value="true"/>
        <jobParameter name="Catch user warnings" value="true"/>
      </Statslogs>
    </jobSetting>
    <componentList>
      <componentItem name="tDBOutput_1" link="tDBOutput_1" type="tMysqlOutput" leftTopX="608" leftTopY="192" rightBottomX="640" rightBottomY="224"/>
      <componentItem name="tFileInputDelimited_1" link="tFileInputDelimited_1" type="tFileInputDelimited" leftTopX="384" leftTopY="192" rightBottomX="416" rightBottomY="224"/>
      <componentItem name="tFileList_1" link="tFileList_1" type="tFileList" leftTopX="224" leftTopY="192" rightBottomX="256" rightBottomY="224"/>
    </componentList>
    <internalNodeComponents>
      <component icon="pictures/tDBOutput_1.png" uniqueName="tDBOutput_1" label="MySQL">
        <input link="tFileInputDelimited_1">tFileInputDelimited_1</input>
        <output>none</output>
        <componentType>tMysqlOutput</componentType>
        <parameters>
          <column name="Database" value="tMysqlOutput"/>
          <column name="Unique Name" value="tDBOutput_1"/>
          <column name="Component Name" value="tMysqlOutput"/>
          <column name="Version" value="0.102 (ALPHA)"/>
          <column name="Family" value="Databases/DB Specifics/MySQL"/>
          <column name="Startable" value="false"/>
          <column name="SUBTREE_START" value="false"/>
          <column name="END_OF_FLOW" value="true"/>
          <column name="Activate" value="true"/>
          <column name="DUMMY" value="false"/>
          <column name="tStatCatcher Statistics" value="false"/>
          <column name="Help" value="org.talend.help.tMysqlOutput"/>
          <column name="Update components" value="true"/>
          <column name="IREPORT_PATH" value=""/>
          <column name="JAVA_LIBRARY_PATH" value="C:\Program Files (x86)\Talend-Studio\studio\configuration\lib\java"/>
          <column name="Subjob color" value=""/>
          <column name="Title color" value=""/>
          <column name="Enable parallel execution" value="false"/>
          <column name="Number of parallel executions" value="2"/>
          <column name="PARALLELIZE_KEEP_EMPTY" value="false"/>
          <column name="Property Type" value="repository: DB (MYSQL):MySQL"/>
          <column name="DB Version" value="MYSQL_8"/>
          <column name="Use an existing connection" value="false"/>
          <column name="Component List" value=""/>
          <column name="Database Driver" value="MYSQL"/>
          <column name="Host" value="context.MySQL1_Server"/>
          <column name="Port" value="context.MySQL1_Port"/>
          <column name="Database" value="context.MySQL1_Database"/>
          <column name="Username" value="context.MySQL1_Login"/>
          <column name="Password" value="context.MySQL1_Password"/>
          <column name="Table" value="&quot;MovieList&quot;"/>
          <column name="Action on table" value="CREATE_IF_NOT_EXISTS"/>
          <column name="Action on data" value="INSERT"/>
          <column name="REPOSITORY_ALLOW_AUTO_SWITCH" value="true"/>
          <column name="Schema" value="Built-In"/>
          <column name="Reject Schema" value="Built-In"/>
          <column name="Specify a data source alias" value="false"/>
          <column name="Data source alias" value="&quot;&quot;"/>
          <column name="Die on error" value="false"/>
          <column name="Mapping" value="mysql_id"/>
          <column name="Additional JDBC Parameters" value="context.MySQL1_AdditionalParams"/>
          <column name="Extend Insert" value="true"/>
          <column name="Number of rows per insert" value="100"/>
          <column name="Use Batch Size" value="true"/>
          <column name="Batch Size" value="10000"/>
          <column name="Encoding" value="&quot;ISO-8859-15&quot;"/>
          <column name="Commit every" value="10000"/>
          <column name="Additional columns" value="[]"/>
          <column name="Use field options" value="false"/>
          <column name="Field options" value="[{SCHEMA_COLUMN=tconst, UPDATE_KEY=false, DELETE_KEY=false, UPDATABLE=true, INSERTABLE=true}, {SCHEMA_COLUMN=title, UPDATE_KEY=false, DELETE_KEY=false, UPDATABLE=true, INSERTABLE=true}, {SCHEMA_COLUMN=Date, UPDATE_KEY=false, DELETE_KEY=false, UPDATABLE=true, INSERTABLE=true}, {SCHEMA_COLUMN=Rank, UPDATE_KEY=false, DELETE_KEY=false, UPDATABLE=true, INSERTABLE=true}, {SCHEMA_COLUMN=Gross, UPDATE_KEY=false, DELETE_KEY=false, UPDATABLE=true, INSERTABLE=true}, {SCHEMA_COLUMN=_YD, UPDATE_KEY=false, DELETE_KEY=false, UPDATABLE=true, INSERTABLE=true}, {SCHEMA_COLUMN=_LW, UPDATE_KEY=false, DELETE_KEY=false, UPDATABLE=true, INSERTABLE=true}, {SCHEMA_COLUMN=Theaters, UPDATE_KEY=false, DELETE_KEY=false, UPDATABLE=true, INSERTABLE=true}, {SCHEMA_COLUMN=Per_Theater, UPDATE_KEY=false, DELETE_KEY=false, UPDATABLE=true, INSERTABLE=true}, {SCHEMA_COLUMN=Total_Gross, UPDATE_KEY=false, DELETE_KEY=false, UPDATABLE=true, INSERTABLE=true}, {SCHEMA_COLUMN=Days, UPDATE_KEY=false, DELETE_KEY=false, UPDATABLE=true, INSERTABLE=true}]"/>
          <column name="Use Hint Options" value="false"/>
          <column name="Hint Options" value="[]"/>
          <column name="Debug query mode" value="false"/>
          <column name="Use duplicate key update mode insert" value="false"/>
          <column name="DUPLICATED_KEYS" value="[]"/>
          <column name="Support null in &quot;SQL WHERE&quot; statement" value="false"/>
          <column name="Label format" value="MySQL"/>
          <column name="Hint format" value="&lt;b&gt;__UNIQUE_NAME__&lt;/b&gt;&lt;br&gt;__COMMENT__"/>
          <column name="Connection format" value="row"/>
          <column name="Show Information" value="false"/>
          <column name="Comment" value=""/>
          <column name="Use an existing validation rule" value="false"/>
          <column name="Validation Rule Type" value=""/>
        </parameters>
        <schemas>
          <schema name="metadata">
            <column name="tconst" key="false" type="String" length="50" precision="" nullable="true" comment=""/>
            <column name="title" key="false" type="String" length="255" precision="" nullable="true" comment=""/>
            <column name="Date" key="false" type="String" length="50" precision="" nullable="true" comment=""/>
            <column name="Rank" key="false" type="String" length="10" precision="" nullable="true" comment=""/>
            <column name="Gross" key="false" type="String" length="50" precision="" nullable="true" comment=""/>
            <column name="_YD" key="false" type="String" length="50" precision="" nullable="true" comment=""/>
            <column name="_LW" key="false" type="String" length="50" precision="" nullable="true" comment=""/>
            <column name="Theaters" key="false" type="String" length="100" precision="" nullable="true" comment=""/>
            <column name="Per_Theater" key="false" type="String" length="50" precision="" nullable="true" comment=""/>
            <column name="Total_Gross" key="false" type="String" length="50" precision="" nullable="true" comment=""/>
            <column name="Days" key="false" type="String" length="10" precision="" nullable="true" comment=""/>
          </schema>
        </schemas>
      </component>
      <component icon="pictures/tFileInputDelimited_1.png" uniqueName="tFileInputDelimited_1" label="MoviesFilesTsv">
        <input link="tFileList_1">tFileList_1</input>
        <output link="tDBOutput_1">tDBOutput_1</output>
        <componentType>tFileInputDelimited</componentType>
        <parameters>
          <column name="Unique Name" value="tFileInputDelimited_1"/>
          <column name="Component Name" value="tFileInputDelimited"/>
          <column name="Version" value="0.102 (ALPHA)"/>
          <column name="Family" value="File/Input"/>
          <column name="Start" value="false"/>
          <column name="Startable" value="true"/>
          <column name="SUBTREE_START" value="false"/>
          <column name="END_OF_FLOW" value="false"/>
          <column name="Activate" value="true"/>
          <column name="DUMMY" value="false"/>
          <column name="tStatCatcher Statistics" value="false"/>
          <column name="Help" value="org.talend.help.tFileInputDelimited"/>
          <column name="Update components" value="true"/>
          <column name="IREPORT_PATH" value=""/>
          <column name="JAVA_LIBRARY_PATH" value="C:\Program Files (x86)\Talend-Studio\studio\configuration\lib\java"/>
          <column name="Subjob color" value=""/>
          <column name="Title color" value=""/>
          <column name="Enable parallel execution" value="false"/>
          <column name="Number of parallel executions" value="2"/>
          <column name="PARALLELIZE_KEEP_EMPTY" value="false"/>
          <column name="Property Type" value="Built-In"/>
          <column name="REPOSITORY_ALLOW_AUTO_SWITCH" value="true"/>
          <column name="Schema" value="repository: DELIM:MoviesFilesTsv - metadata"/>
          <column name="Use existing dynamic" value="false"/>
          <column name="Component List" value=""/>
          <column name="File name/Stream" value="((String)globalMap.get(&quot;tFileList_1_CURRENT_FILEPATH&quot;))"/>
          <column name="CSV options" value="true"/>
          <column name="Row Separator" value="context.MoviesFilesTsv_RowSeparator"/>
          <column name="CSV Row Separator" value="context.MoviesFilesTsv_RowSeparator"/>
          <column name="Field Separator" value="context.MoviesFilesTsv_FieldSeparator"/>
          <column name="Escape char" value="&quot;&quot;&quot;"/>
          <column name="Text enclosure" value="&quot;&quot;&quot;"/>
          <column name="Header" value="context.MoviesFilesTsv_Header"/>
          <column name="Footer" value="0"/>
          <column name="Limit" value=""/>
          <column name="Skip empty rows" value="false"/>
          <column name="Uncompress as zip file" value="false"/>
          <column name="Die on error" value="false"/>
          <column name="Schema" value="repository: DELIM:MoviesFilesTsv - metadata"/>
          <column name="Temporary directory" value="&quot;C:/Users/prish/OneDrive - Northeastern University/Talend&quot;"/>
          <column name="Advanced separator (for numbers)" value="false"/>
          <column name="Thousands separator" value="&quot;,&quot;"/>
          <column name="Decimal separator" value="&quot;.&quot;"/>
          <column name="Extract lines at random" value="false"/>
          <column name="Number of lines" value="10"/>
          <column name="Trim all columns" value="false"/>
          <column name="Check column to trim" value="[{SCHEMA_COLUMN=tconst, TRIM=false}, {SCHEMA_COLUMN=title, TRIM=false}, {SCHEMA_COLUMN=Date, TRIM=false}, {SCHEMA_COLUMN=Rank, TRIM=false}, {SCHEMA_COLUMN=Gross, TRIM=false}, {SCHEMA_COLUMN=_YD, TRIM=false}, {SCHEMA_COLUMN=_LW, TRIM=false}, {SCHEMA_COLUMN=Theaters, TRIM=false}, {SCHEMA_COLUMN=Per_Theater, TRIM=false}, {SCHEMA_COLUMN=Total_Gross, TRIM=false}, {SCHEMA_COLUMN=Days, TRIM=false}]"/>
          <column name="Check each row structure against schema" value="false"/>
          <column name="Check date" value="false"/>
          <column name="Encoding" value="context.MoviesFilesTsv_Encoding"/>
          <column name="Split row before field" value="false"/>
          <column name="Permit hexadecimal (0xNNN) or octal (0NNNN) for numeric types (clear the check box to read Byte type as octal and hexadecimal numbers by default)" value="false"/>
          <column name="Decode table" value="[{SCHEMA_COLUMN=tconst, DECODE=false}, {SCHEMA_COLUMN=title, DECODE=false}, {SCHEMA_COLUMN=Date, DECODE=false}, {SCHEMA_COLUMN=Rank, DECODE=false}, {SCHEMA_COLUMN=Gross, DECODE=false}, {SCHEMA_COLUMN=_YD, DECODE=false}, {SCHEMA_COLUMN=_LW, DECODE=false}, {SCHEMA_COLUMN=Theaters, DECODE=false}, {SCHEMA_COLUMN=Per_Theater, DECODE=false}, {SCHEMA_COLUMN=Total_Gross, DECODE=false}, {SCHEMA_COLUMN=Days, DECODE=false}]"/>
          <column name="Destination" value=""/>
          <column name="Use Header As Is" value="false"/>
          <column name="Min column number of optimize code" value="100"/>
          <column name="Label format" value="MoviesFilesTsv"/>
          <column name="Hint format" value="&lt;b&gt;__UNIQUE_NAME__&lt;/b&gt;&lt;br&gt;__COMMENT__"/>
          <column name="Connection format" value="row"/>
          <column name="Show Information" value="false"/>
          <column name="Comment" value=""/>
          <column name="Use an existing validation rule" value="false"/>
          <column name="Validation Rule Type" value=""/>
        </parameters>
        <schemas>
          <schema name="metadata">
            <column name="tconst" key="false" type="String" length="50" precision="" nullable="true" comment=""/>
            <column name="title" key="false" type="String" length="255" precision="" nullable="true" comment=""/>
            <column name="Date" key="false" type="String" length="50" precision="" nullable="true" comment=""/>
            <column name="Rank" key="false" type="String" length="10" precision="" nullable="true" comment=""/>
            <column name="Gross" key="false" type="String" length="50" precision="" nullable="true" comment=""/>
            <column name="_YD" key="false" type="String" length="50" precision="" nullable="true" comment=""/>
            <column name="_LW" key="false" type="String" length="50" precision="" nullable="true" comment=""/>
            <column name="Theaters" key="false" type="String" length="100" precision="" nullable="true" comment=""/>
            <column name="Per_Theater" key="false" type="String" length="50" precision="" nullable="true" comment=""/>
            <column name="Total_Gross" key="false" type="String" length="50" precision="" nullable="true" comment=""/>
            <column name="Days" key="false" type="String" length="10" precision="" nullable="true" comment=""/>
          </schema>
        </schemas>
      </component>
      <component icon="pictures/tFileList_1.png" uniqueName="tFileList_1" label="__UNIQUE_NAME__">
        <input>none</input>
        <output link="tFileInputDelimited_1">tFileInputDelimited_1</output>
        <componentType>tFileList</componentType>
        <parameters>
          <column name="Unique Name" value="tFileList_1"/>
          <column name="Component Name" value="tFileList"/>
          <column name="Version" value="0.102 (ALPHA)"/>
          <column name="Family" value="File/Management|Orchestration"/>
          <column name="Start" value="true"/>
          <column name="Startable" value="true"/>
          <column name="SUBTREE_START" value="true"/>
          <column name="END_OF_FLOW" value="true"/>
          <column name="Activate" value="true"/>
          <column name="DUMMY" value="false"/>
          <column name="tStatCatcher Statistics" value="false"/>
          <column name="Help" value="org.talend.help.tFileList"/>
          <column name="Update components" value="true"/>
          <column name="IREPORT_PATH" value=""/>
          <column name="JAVA_LIBRARY_PATH" value="C:\Program Files (x86)\Talend-Studio\studio\configuration\lib\java"/>
          <column name="Subjob color" value=""/>
          <column name="Title color" value=""/>
          <column name="Enable parallel execution" value="false"/>
          <column name="Number of parallel executions" value="2"/>
          <column name="PARALLELIZE_KEEP_EMPTY" value="false"/>
          <column name="Directory" value="context.movies"/>
          <column name="FileList Type" value="FILES"/>
          <column name="Includes subdirectories" value="true"/>
          <column name="Case Sensitive" value="YES"/>
          <column name="Generate Error if no file found" value="false"/>
          <column name="Use Glob Expressions as Filemask (Unchecked means Perl5 Regex Expressions)" value="true"/>
          <column name="Files" value="[{FILEMASK=&quot;*.tsv&quot;}]"/>
          <column name="By default" value="true"/>
          <column name="By file name" value="false"/>
          <column name="By file size" value="false"/>
          <column name="By modified date" value="false"/>
          <column name="ASC" value="true"/>
          <column name="DESC" value="false"/>
          <column name="Use Exclude Filemask" value="false"/>
          <column name="Exclude Filemask" value="&quot;*.txt&quot;"/>
          <column name="Format file path to slash(/) style (useful on Windows)" value="false"/>
          <column name="Label format" value="__UNIQUE_NAME__"/>
          <column name="Hint format" value="&lt;b&gt;__UNIQUE_NAME__&lt;/b&gt;&lt;br&gt;__COMMENT__"/>
          <column name="Connection format" value="row"/>
          <column name="Show Information" value="false"/>
          <column name="Comment" value=""/>
          <column name="Use an existing validation rule" value="false"/>
          <column name="Validation Rule Type" value=""/>
        </parameters>
      </component>
    </internalNodeComponents>
    <externalNodeComponents/>
    <connections>
      <connection label="Iterate" lineStyle="7" metaname="tFileList_1" offsetLabelX="0" offsetLabelY="0" source="tFileList_1" target="tFileInputDelimited_1"/>
      <connection label="row1" lineStyle="0" metaname="tFileInputDelimited_1" offsetLabelX="0" offsetLabelY="0" source="tFileInputDelimited_1" target="tDBOutput_1"/>
    </connections>
  </job>
</project>
